SMILES,,,
O=C(CCCCCC(=O)N(CCc1ccccc1)C(Cc1ccccc1)C(=O)NCCc1ccccc1)NO,,,
C=C1C(=O)[C@@]23C(CC[C@@H]1[C@H]2O)[C@]1(C)CC[C@@H](O)C(C)(C)[C@H]1C[C@H]3O,,,
C=C1C(=O)[C@@]23[C@@H](CC[C@@H]1[C@H]2O)[C@]1(C)CCC(=O)C(C)(C)[C@H]1C[C@H]3O,,,
C=C1C(=O)[C@@]23[C@@H](C[C@H](O)[C@@H]1[C@H]2O)[C@]1(C)[C@@H](O)C[C@H](OC(=O)C)C(C)(C)[C@H]1C[C@H]3O,,,
C=C1[C@@H]2[C@@H](O)C[C@H]3[C@]4(C)CC[C@H](O)C(C)(C)[C@H]4CC[C@@]3([C@@H]1O)[C@@H]2OC(=O)C,,,
O=C(CCCCCCC(=O)N(Cc1ccccc1)C(Cc1ccc(c2ccccc2)cc1)C(=O)NCCc1ccccc1)NO,,,
Oc1[nH]c2c(Br)cccc2c1C1=Nc2ccccc2/C/1=N\OCCN1CCNCC1,,,
CN1CCN(CCNC(=O)c2ccc(Cl)cc2)CC1,,,
C[C@@H]1CC[C@H]2[C@@H](C)[C@H](N3CCN(Cc4ccc(F)cc4)CC3)O[C@@H]3O[C@@]4(C)CC[C@@H]1[C@@]23OO4,,,
C[C@@H]1CC[C@H]2[C@@H](C)[C@H](Nc3ccc(SC(F)(F)F)cc3)O[C@@H]3O[C@@]4(C)CC[C@@H]1[C@@]23OO4,,,
C[C@@H]1CC[C@H]2[C@@H](C)[C@H](N3CCN(C(=O)Nc4ccc(F)cc4)CC3)O[C@@H]3O[C@@]4(C)CC[C@@H]1[C@@]23OO4,,,
Cn1nnc2c(C(=O)N)ncn2c1=O,,,
COc1cc2c(Nc3ccc(C#N)cc3)ncnc2cc1OCCCN1CCc2ccccc2C1,,,
CCN1CCN(CCCOc2cc3ncnc(Nc4cccc(C#N)c4)c3cc2OC)CC1,,,
O=C(N/N=C/N1CCN(c2cc3c(cc2F)c(=O)c(C(=O)O)cn3C2CC2)CC1)c1cccc(F)c1,,,
O=C(N/N=C/NC(=O)c1cnccn1)c1ccc(C(F)(F)F)cc1,,,
NNC(=O)c1ccncc1,,,
COC(=O)[C@]1(Cc2ccc(OC)c(CC=C(C)C)c2)OC(=O)C(=C1c1ccccc1)O,,,
COc1ccc2c(c1C/C=C(\C)/CO)C=C(CO)OC2,,,
CC[C@@H](CO)Nc1nc(NCc2ccccc2)n2ncc(C(C)C)c2n1,,,
Cc1cc2c(c(=O)o1)C=C1C(C)(C)CCCC1(C)O2,,,
C=C1C(=O)[C@@]23[C@@H]([C@@H](O)C[C@@H]1[C@H]2O)[C@]1(C)CCC[C@](C)(CO)[C@H]1C[C@H]3O,,,
CCC[C@@H](C(=O)O)c1cc(OCc2ccccc2)cc(c2ccc(C(F)(F)F)cc2)c1,,,
O=C([O-])C[C@@H]1CCN([C@@H](c2ccc(C(F)(F)F)nc2)C2CC2)[C@H](c2ccc(C(F)(F)F)cc2)C1,,,
CC(C)[C@H](CO)Nc1nc(Nc2ccc(c3cccnc3)cc2)c2ncn(C(C)C)c2n1,,,
O=C1S/C(=C\c2cn(c3ccccc3)nc2c2ccc(Cl)cc2)/C(=O)N1Cc1cccc(Br)c1,,,
O=C1Nc2cc(Br)ccc2/C/1=C\1/Nc2ccccc2/C1=N\OCCN1CCN(CCOCCO)CC1,,,
C[C@]12CC[C@H]3[C@@H](CC=C4C[C@@H](OC(=O)Cn5cc(COc6ccc(/C=C/C(=O)c7ccccc7)cc6)nn5)CC[C@]34C)[C@@H]1CCC2=O,,,
C[C@]12CC[C@H]3[C@@H](CC=C4C[C@@H](OC(=O)Cn5cc(COc6ccc(C(=O)/C=C/c7ccc(Br)cc7)cc6)nn5)CC[C@]34C)[C@@H]1CCC2=O,,,
C=C1C(=O)[C@@]23[C@@H](C[C@H](OC(=O)C)[C@@H]1[C@H]2O)[C@]1(C)CC[C@@H](O)C(C)(C)[C@H]1C[C@H]3O,,,
O=C(NCc1ccco1)C1CCN(Cc2ccccc2)CC1,,,
CC(C)(F)CC[C@@H]1OC(C)(C)O[C@]1(C)[C@H]1CC[C@@]2(O)C3=CC(=O)[C@@H]4C[C@H]5OC(C)(C)O[C@H]5C[C@]4(C)[C@H]3CC[C@]12C,,,
CC(C)(F)CC[C@@H]1OC(C)(C)O[C@]1(C)[C@H]1CC=C2C3=CC(=O)[C@@H]4C[C@H]5OC(C)(C)O[C@H]5C[C@]4(C)[C@H]3CC[C@]12C,,,
CCCN1C(=O)S/C(=C\c2cn(c3ccccc3)nc2c2ccc(Cl)cc2)/C1=O,,,
O=[N+]([O-])c1ccc(COc2cccc(Nc3ncnc4cc5c(cc34)OCCOCCO5)c2)cc1,,,
FC(F)(F)c1ccc(COc2cccc(Nc3ncnc4cc5c(cc34)OCCOCCOCCOCCO5)c2)cc1,,,
COc1cc2ncnc(Nc3ccc(F)c(Cl)c3)c2cc1OCCCN1CCOCC1,,,
CC(C)c1cnn2c(NCc3ccc(c4ccccn4)cc3)nc(N[C@H]3CC[C@H](N)CC3)nc12,,,
CC(C)CCC[C@@H](C)[C@H]1CC[C@H]2[C@@H]3C[C@@H](NCCc4cnc[nH]4)[C@@]4(O)C[C@@H](O)CC[C@]4(C)[C@H]3CC[C@]12C,,,
CC(=C1NC(=O)C(=C(C[C@@H](C[C@H](C)O)Nc2ccccc2)Nc2ccccc2)C1=O)C,,,
COc1ncc(c2cc(OC3CCOCC3)c3nc(N)nc(C)c3c2)cc1NS(=O)(=O)c1ccc(F)cc1F,,,
CC[C@H](CO)Nc1nc(NCc2ccccc2)c2ncc(C(C)C)n2n1,,,
O=C1Nc2cc(Br)ccc2/C/1=C\1/Nc2ccccc2/C1=N\OCCN1CCNCC1,,,
O=C1Nc2cc(Br)ccc2/C/1=C\1/Nc2ccccc2/C1=N\OCCN(CCO)CCO,,,
CN(C)CCO/N=C\1/C(=C\2/C(=O)Nc3cc(Br)ccc23)/Nc2ccccc12,,,
Oc1[nH]c2c(Br)cccc2c1C1=Nc2ccccc2/C/1=N\OCCN1CCCC1,,,
COc1cc(/C=C/C(=O)/C=C/c2nc3cc(O)ccc3n2C)ccc1O,,,
COc1ccc2nc3c(c(NCCNC(=O)c4sc(c5ccnc(NC(=O)C6CC6)c5)nc4OC)c2c1)CCCC3,,,
Nc1c2c(nc3ccccc13)CCCC2,,,
O=C1Nc2ccc(Br)cc2/C/1=C\1/Nc2ccccc2/C1=N\O,,,
CN(C)CCO/N=C\1/C(=Nc2ccccc12)c1c(O)[nH]c2c(Br)cccc12,,,
COc1ccc(c2cocc2c2cc(OC)c(OC)c(OC)c2)cc1N,,,
CCN(CC)CCO/N=C\1/C(=Nc2ccccc12)c1c(O)n(C)c2c(Br)cccc12,,,
CCCN1C(=O)S/C(=C\c2cn(c3ccccc3)nc2c2ccccc2)/C1=O,,,
O=C1NC(=O)/C(=C/c2cn(c3ccccc3)nc2c2ccc(Cl)cc2)/S1,,,
COc1cc(/C=C/C(=O)/C=C/c2nc3ccccc3n2C)ccc1O,,,
COc1ccc2c(c1)nc(/C=C/C(=O)/C=C/c1ccc(O)c(OC)c1)n2C,,,
Cn1c(O)c(C2=Nc3ccccc3/C/2=N\OCCN2CCCC2)c2cccc(Br)c12,,,
CN(C)CCO/N=C\1/C(=Nc2ccccc12)c1c(O)n(C)c2c(Br)cccc12,,,
CCCCCC(CCCCC)c1nc(c2ccc(F)cc2)c[nH]1,,,
CCCCCC(CCCCC)c1nc(c2ccc(c3ccccc3)cc2)c[nH]1,,,
Cc1ccc(Sc2cnc(Nc3cccc(Br)n3)s2)cc1C(=O)N1CCN(C(=O)[C@H](C)N)CC1,,,
OB(O)/C=C/c1ccccc1,,,
COc1cc2c(Nc3ccc(C#N)cc3)ncnc2cc1OCCCN(C)Cc1ccccc1,,,
CC(C)COC(=O)NCCc1nc(c2ccc(c3ccccc3)cc2)c[nH]1,,,
CC[N+](C)(CC)CCOc1cnc2-c3c(C(=O)c4c2c1ccc4)cccc3,,,
CC1(C)CCC2(CC1)N[C@H](C(=O)N[C@H]1CC[C@H](C(=O)N)OC1)[C@@H](c1ccnc(Cl)c1F)[C@]12C(=O)Nc2cc(Cl)ccc12,,,
O=Nc1c(c2c(O)[nH]c3ccccc23)[nH]c2ccccc12,,,
O=Nc1c(c2c(O)[nH]c3c(Cl)cccc23)[nH]c2ccccc12,,,
CNCc1cc(=O)oc2cc(OCc3cccc(Cl)c3)ccc12,,,
Cc1cccc(n2nc(C)c3c2NC2=C(C(=O)CC(C)(C)C2)C3c2ccc(O)cc2)c1,,,
C[C@@H]1CC[C@H]2[C@@](C)(CO)O[C@@H]3O[C@@]4(C)CC[C@@H]1[C@@]23OO4,,,
O=Nc1c(c2c(O)[nH]c3c(Br)cccc23)[nH]c2ccccc12,,,
Oc1ccc(Cl)c(Nc2nc(SCCN3CCOCC3)nc3c2cnn3CC(Cl)c2ccccc2)c1,,,
COc1ccc(c2nonc2c2cc(OC)c(O)c(OC)c2)cc1,,,
COc1ccc(/C=C\c2cc(OC)c(OC)c(OC)c2)cc1N(CCCl)CCCl,,,
COc1cc2c(Nc3ccc(C#N)cc3)ncnc2cc1OCCCN(CCO)CCO,,,
COc1cc2c(Nc3ccc(C#N)cc3)ncnc2cc1OCCCN(CCO)Cc1ccccc1,,,
COc1cc2c(Nc3ccc(C#N)cc3)ncnc2cc1OCCCN1CCC(CO)CC1,,,
COc1cc2c(Nc3cccc(C#N)c3)ncnc2cc1OCCCN1CCCC1,,,
COc1cc2c(Nc3ccccc3C#N)ncnc2cc1OCCCN1CCC(C)CC1,,,
COc1cc2c(Nc3ccccc3C#N)ncnc2cc1OCCCN1CCOCC1,,,
O=C(Nc1ccc2c(O)cc(S(=O)(=O)[O-])cc2c1)Nc1ccc2c(O)cc(S(=O)(=O)[O-])cc2c1,,,
O=C1Nc2cc(Br)ccc2/C/1=C\1/Nc2ccccc2/C1=N\O,,,
Cc1ccc(C(N)Cc2c(C)[nH]c3ccc(Br)cc23)cc1,,,
Cc1[nH]c2ccc(F)cc2c1CCNCc1ccccc1,,,
Cc1[nH]c2ccc(c3ccccc3)cc2c1CCNCc1ccccc1,,,
CN1CCN(CCOc2ccc3c4c(-c5ccccc5C3=O)nccc24)CC1,,,
CCN(CC)CCC(=O)Nc1ccc2-c3nccc4cccc(C(=O)c2c1)c34,,,
Nc1ncccc1/N=C/c1ccnc(NC(=O)C2CC2)c1,,,
COc1cc(/C=C/c2cn(/C=C/c3ccc(O)c(OC)c3)nn2)ccc1O,,,
COc1ccc(/C=C/c2cn(/C=C/c3ccc(O)c(OC)c3)nn2)cc1,,,
C(=C\c1cn(/C=C/c2ccccc2)nn1)/c1ccccc1,,,
COc1ccc(/C=C/c2cn(/C=C/c3ccccc3)nn2)cc1,,,
COc1cccc(/C=C/c2cn(/C=C/c3cccc(OC)c3)nn2)c1,,,
COc1ccc(/C=C(\C)/C(=O)c2cc(OC)c(OC)c(OC)c2)cc1O,,,
O=C(NCCc1nc(c2ccc(c3ccccc3)cc2)c[nH]1)OCC1CCCCC1,,,
O=C(NCCc1nc(c2ccc(c3ccccc3)cc2)c[nH]1)OC1CCCCC1,,,
CCCCOC(=O)NCCc1nc(c2ccc(CC(C)C)cc2)c[nH]1,,,
Oc1ccc(/C=C/c2cn(/C=C/c3ccccc3)nn2)cc1O,,,
Oc1ccc(/C=C/n2cc(/C=C/c3ccccc3)nn2)cc1,,,
CCCCCCCCC1C=Cc2c(cc(C)oc2=O)O1,,,
CC1=Cc2c(cc(C)oc2=O)OC1c1ccco1,,,
CC(C)c1cnn2c(NCc3ccc(Cl)cc3)nc(N[C@@H](CO)C(C)C)nc12,,,
COc1cc2c(Nc3ccc(C#N)cc3)ncnc2cc1OCCCN1CCC(C)CC1,,,
c1ccc(c2ccc(c3c[nH]c(CCC4CCCCC4)n3)cc2)cc1,,,
C/C=C(/NC(=O)[C@H](CCO)NC(=O)C[C@H](N)CCCCC)\C(=O)N1C[C@H](O)C[C@H]1C(=O)N[C@@H](CCO)C(=O)N[C@H](Cc1ccccc1)C(=O)N[C@H](CC(C)C)C(=O)N[C@H](C(=O)N[C@@H](C(=O)N[C@@H](CC(C)C)C(=O)O)[C@@H](C)CC)[C@@H](C)CC,,,
CNCCN(C)C(=O)c1cc(Sc2cnc(Nc3cccc(Br)n3)s2)ccc1C,,,
COc1ccc(c2cc(=O)c3c(OC)c(OC)c(OC)c(OC)c3o2)cc1,,,
O=C(CCCCCCC(=O)Nc1ccccc1)NO,,,
COc1ccc(/C=C\c2cc(OC)c(OC)c(OC)c2)cc1O,,,
COC1=C(NC(C)C(=O)C)C(=O)c2nc(c3nc(C(=O)O)c(C)c(c4ccc(OC)c(OC)c4O)c3N)ccc2C1=O,,,
COc1ccnc2c1c(c1ccnc(N)n1)c1ccnc(N)n21,,,
COc1ccnc2[nH]cc(c3ccncn3)c12,,,
COc1ccnc2[nH]cc(c3ccnc(N)n3)c12,,,
c1ccc(CCNc2nccc(c3c[nH]c4ncccc34)n2)cc1,,,
Cc1cc(C)c(O)c(c2n[nH]c3c2C(c2ccccc2)N(CCCO)C3=O)c1,,,
CCC(c1nnc(SCC(=O)c2[nH]c(C)c(C(=O)C)c2C)n1Cc1ccccc1)N(C)C,,,
COc1cc2c(cc1OC)C(=O)C(CC1CCCCN1Cc1ccccc1)C2,,,
COc1cc2c(cc1OC)C(=O)C(C(=O)OC1CCN(Cc3ccccc3)CC1)C2,,,
O=C(N/N=C/Nc1ccc(C(=O)O)c(O)c1)c1ccc(F)cc1,,,
O=C(N/N=C/Nc1ccc(C(=O)O)c(O)c1)c1cccc(F)c1,,,
O=C(O)c1ccc(N/C=N/NC(=O)c2ccccc2F)cc1O,,,
Nc1ncc(I)c(c2c[nH]c3ccccc23)n1,,,
CC(=O)Nc1ccc(c2cnc(N)nc2c2c[nH]c3cccc(Br)c23)cc1,,,
CCCCCN(CC1CCN(Cc2ccccc2)CC1)C(=O)C,,,
O=C(CCN1CCCCC1)c1ccc(c2ccccc2)cc1,,,
COc1cc(/C=C/C(=O)/C=C/c2nc3cc([N+](=O)[O-])ccc3n2C)ccc1O,,,
COc1cc(/C=C/C(=O)/C=C(\O)/C=C/c2ccc(O)c(OC)c2)ccc1O,,,
COc1ccc(/C=C/C(=O)/C=C/c2nc3cc(C)ccc3n2C)cc1O,,,
COc1ccc(c2nnc(N[C@@H]3c4cc5c(cc4[C@@H](c4cc(OC)c(OC)c(OC)c4)[C@H]4C(=O)OC[C@H]34)OCO5)o2)cc1,,,
COc1cc([C@@H]2c3cc4c(cc3[C@@H](O[C@@H]3O[C@@H]5CO[C@@H](C)O[C@H]5[C@H](O)[C@H]3O)[C@H]3COC(=O)[C@H]23)OCO4)cc(OC)c1O,,,
C[C@@H]1CC[C@H]2[C@@H](C)[C@H](N3CCN(c4ccc(F)cc4)CC3)O[C@@H]3O[C@@]4(C)CC[C@@H]1[C@@]23OO4,,,
CCOC(=O)c1c(C)[nH]c(C)c1C(=O)CSC1=Nc2ccccc2C2CC=NN12,,,
CCOC(=O)c1c(NC(=O)C2CC(=O)Nc3ccccc23)sc(C)c1C,,,
O=C(CSc1nnc(c2c[nH]c3ccccc23)n1CC1CCCO1)c1ccc(Cl)s1,,,
COc1ccc(NS(=O)(=O)c2ccc3c(c2)N(C(=O)C)CC(C)O3)cc1Cl,,,
COc1ccc(C2CCCN2CC(=O)Nc2ccccc2c2ccccc2)cc1,,,
C[C@@H]1CC[C@H]2[C@@](C)(COP(=O)(OC[C@@]3(C)O[C@@H]4O[C@@]5(C)CC[C@H]6[C@H](C)CC[C@@H]3[C@@]46OO5)Oc3ccccc3)O[C@@H]3O[C@@]4(C)CC[C@@H]1[C@@]23OO4,,,
Cc1[nH]c2ccc(Br)cc2c1C[C@H](N)c1ccccc1,,,
COc1ccc2c3c1O[C@H]1C[C@@H](O)C=C[C@@]31CCN(CCCCCCCNC13CC4CC(C)(CC(C)(C4)C1)C3)C2,,,
COc1cc(/C=C/C(=O)/C=C/c2nc3c(C)cccc3n2C)ccc1O,,,
C[C@@H]1[C@H]2C3=CC[C@@H]4[C@@]5(C)CC[C@H](O)C(C)(C)[C@@H]5CC[C@@]4(C)[C@]3(C)CC[C@@]2(C(=O)N(CCO)CCO)CC[C@H]1C,,,
CCCOC(=O)[C@]12CC[C@@H](C)[C@H](C)[C@H]1C1=CC[C@@H]3[C@@]4(C)CC[C@H](O)C(C)(C)[C@@H]4CC[C@@]3(C)[C@]1(C)CC2,,,
CC1=Cc2c(cc(C)oc2=O)OC1C,,,
C=C1[C@@H]2[C@@H](O)[C@H](O)[C@H]3[C@]4(C)CCCC(C)(C)[C@H]4CC(=O)[C@@]3([C@@H]1OC(=O)C)[C@@H]2O,,,
O=C(c1ccccc1)N1CCC(CCCCn2cc(c3ccccc3)nn2)CC1,,,
O=C(CCCCCCn1cc(c2cccnc2)nn1)Nc1ccccc1c1ccccc1,,,
O=C(CCCCCCn1cc(c2cccnc2)nn1)n1c2ccccc2c2ccccc12,,,
O=C1Nc2cc(Br)ccc2/C/1=C\1/Nc2ccccc2/C1=N\OCCN1CCN(CCO)CC1,,,
O=C1Nc2cc(Br)ccc2/C/1=C\1/Nc2ccccc2/C1=N\OCCN1CCCC1,,,
COc1ccc(c2cocc2c2cc(OC)c(OC)c(OC)c2)cc1,,,
C=C1[C@@H]2CC[C@H]3[C@@]45CO[C@@](O)([C@@H](O)[C@@H]4C(C)(C)CC[C@@H]5OC(=O)C)[C@@]3([C@@H]1O)[C@@H]2O,,,
CCCCCCc1nc(c2ccc(c3ccccc3)cc2)c[nH]1,,,
COc1cc([C@@H]2c3cc4c(cc3[C@@H](Nc3nnc(c5cccs5)o3)[C@H]3COC(=O)[C@H]23)OCO4)cc(OC)c1OC,,,
CC(C)[C@H](N)C(=O)OC[C@H](O)CNc1nc(NCc2ccc(c3ccccn3)cc2)c2ncn(C(C)C)c2n1,,,
COc1ccc(c2nonc2c2cc(OC)c(OC)c(OC)c2)cc1N,,,
COc1ccc(C(=O)C(=O)c2cc(OC)c(OC)c(OC)c2)cc1O,,,
CCCCCCOC(=O)NCCc1nc(c2ccc(c3ccccc3)cc2)c[nH]1,,,
CCCCOC(=O)NCCc1nc(c2ccc(CCC)cc2)c[nH]1,,,
COc1cc(c2ccc(O)c(O)c2)c(OC)c(O)c1c1ccc(OCC=C(C)C)c(O)c1,,,
C=C1C(=O)[C@@]23[C@@H](CC[C@@H]1[C@H]2O)[C@]1(C)[C@@H](O)CCC(C)(C)[C@H]1C[C@H]3O,,,
COc1cc(/C=C/C(=O)CC(=O)/C=C/c2ccc(O)c(OC)c2)ccc1O,,,
COc1cccc(/C=C/c2cn(/C=C/c3ccccc3)nn2)c1,,,
Cc1cc2c(c(=O)o1)C=C1C(C[C@H]3C[C@@H]1C3(C)C)O2,,,
COc1nc(c2ccnc(NC(=O)C3CC3)c2)sc1C(=O)NCCNc1c2c(nc3ccccc13)CCCC2,,,
C=C1C(=O)[C@@]23[C@@H](CC(=O)[C@@H]1[C@H]2O)[C@]1(C)[C@@H](O)C[C@H](OC(=O)C)C(C)(C)[C@H]1C[C@H]3O,,,
COc1ccccc1CNCCN1C(=O)c2ccc3c4c(ccc(c24)C1=O)C(=O)N(CCNCc1ccccc1OC)C3=O,,,
CCCn1ccc(c2cnc(N)c(O[C@H](C)c3c(Cl)ccc(F)c3Cl)c2)cc1=O,,,
CN1CCN(CCO/N=C\2/C(=C\3/C(=O)Nc4cc(Br)ccc34)/Nc3ccccc23)CC1,,,
CCN(CC)C(=O)O/N=C\1/C(=C\2/C(=O)Nc3cc(Br)ccc23)/Nc2ccccc12,,,
C[C@@H]1CC[C@H]2[C@@](C)(C(=O)OCCOC(=O)[C@@]3(C)O[C@@H]4O[C@@]5(C)CC[C@H]6[C@H](C)CC[C@@H]3[C@@]46OO5)O[C@@H]3O[C@@]4(C)CC[C@@H]1[C@@]23OO4,,,
C[C@@H]1CC[C@H]2[C@@](C)(C(=O)OCCCCCCCOC(=O)[C@@]3(C)O[C@@H]4O[C@@]5(C)CC[C@H]6[C@H](C)CC[C@@H]3[C@@]46OO5)O[C@@H]3O[C@@]4(C)CC[C@@H]1[C@@]23OO4,,,
C[C@]12CC[C@H]3[C@@H](CC=C4C[C@@H](OC(=O)Cn5cc(CNc6cccc([N+](=O)[O-])c6)nn5)CC[C@]34C)[C@@H]1CCC2=O,,,
CCOP(=O)(OC/C=C\[C@@]1(C)O[C@@H]2O[C@@]3(C)CC[C@H]4[C@H](C)CC[C@@H]1[C@@]24OO3)OC/C=C/[C@@]1(C)O[C@@H]2O[C@@]3(C)CC[C@H]4[C@H](C)CC[C@@H]1[C@@]24OO3,,,
CCCCC[C@H](O)CCCCCCCCCCCc1cc(O)cc(O)c1Cc1c(O)c(C)cc(C(=O)C)c1O,,,
CCCCC[C@H](O)CCCCCCCCCCCc1cc(O)cc(O)c1C(=O)O,,,
COc1cc(c2c(OC)cc(c3ccccc3)c(OC)c2O)cc(CC=C(C)C)c1O,,,
Nc1ncc(c2ccccc2)cc1/N=C/c1ccnc(NC(=O)C2CC2)c1,,,
CC[C@H](CO)Nc1nc(Nc2cccc(c3ccncc3)c2)c2ncn(C(C)C)c2n1,,,
COc1cc(c2cscc2c2ccc3c(c2)OCCO3)cc(OC)c1OC,,,
C[C@@H](Oc1cc(c2cnn(C3CCNCC3)c2)cnc1N)c1c(Cl)ccc(F)c1Cl,,,
CC1(C)CCC[C@@]2(C)[C@@H]3C(=O)[C@H](O)[C@@H]4[C@@H](O)[C@]3(C(=O)[C@]34CO3)[C@H](O)C[C@H]12,,,
C=C1C(=O)[C@@]23[C@@H](C[C@H](O)[C@@H]1[C@H]2O)[C@]1(C)CCCC(C)(C)[C@H]1C[C@H]3O,,,
C=C1C(=O)[C@@]23[C@@H](C[C@H](O)[C@@H]1[C@H]2O)[C@]1(C)[C@@H](O)CCC(C)(C)[C@H]1C[C@H]3O,,,
Nc1ncc(c2ccc(C(F)(F)F)cc2)c(c2c[nH]c3cccc(Br)c23)n1,,,
CC(=O)c1ccc(c2cnc(N)nc2c2c[nH]c3ccc(Br)cc23)cc1,,,
c1ccc(CCCCN2CCCc3[nH]c4ccccc4c3C2)cc1,,,
Cn1cc(c2ccnc(N)n2)c2c(O)ccnc12,,,
CCCOc1ccnc2[nH]cc(c3ccnc(N)n3)c12,,,
Clc1ccc2c(NCCCNCCCOc3cccc4[nH]c5ccccc5c34)c3c(nc2c1)CCCC3,,,
Cc1c(C)c2c(c(C)c1O)CCC(C)(C(=O)O)O2,,,
CC(C)[C@H](c1ccc(C(F)(F)F)nc1)N1CC[C@@H](CC(=O)[O-])C[C@H]1c1ccc(C(F)(F)F)cc1,,,
C[C@H]([C@@H](c1ccc(Nc2nc3ccccc3s2)cc1)n1ccnc1)N(C)C,,,
C=C1C(=O)[C@@]23[C@H]4C[C@H](O)[C@@H]1[C@H]2OC(C)(C)O[C@@H]3C[C@@H]1C(C)(C)[C@H](O)CC[C@@]41C,,,
C=C1C(=O)[C@@]23[C@@H](CC(=O)[C@@H]1[C@H]2O)[C@]1(C)CC[C@H](OC(=O)C)C(C)(C)[C@H]1C[C@H]3O,,,
C=C1C(=O)[C@@]23[C@@H](CC[C@@H]1[C@H]2O)[C@]1(C)CC[C@H](OC(=O)C)C(C)(C)[C@H]1C[C@H]3O,,,
C=C1C(=O)[C@@]23[C@@H](CC(=O)[C@@H]1[C@H]2O)[C@]1(C)CC[C@H](OC(=O)C)C(C)(C)[C@H]1C[C@H]3OC(=O)C,,,
C=C1C(=O)[C@@]23[C@@H](CC[C@@H]1[C@H]2O)[C@]1(C)[C@@H](O)C[C@H](OC(=O)C)C(C)(C)[C@H]1C[C@H]3O,,,
C=C1C(=O)[C@@]23[C@@H](C[C@H](O)[C@@H]1[C@H]2O)[C@]1(C)CC[C@@H](O)C(C)(C)[C@H]1C[C@H]3O,,,
Nc1nccc(c2cn(C(=O)N3CCOCC3)c3ccc(Br)cc23)n1,,,
C[N+](C)(C)CCOc1cnc2-c3c(C(=O)c4c2c1ccc4)cccc3,,,
CN(C)CCC(=O)Nc1ccc2-c3nccc4cccc(C(=O)c2c1)c34,,,
C[N+]1(CC(=O)Nc2ccc3-c4nccc5cccc(C(=O)c3c2)c45)CCCC1,,,
CC(C)CCC[C@@H](C)[C@H]1CC[C@H]2[C@H]3[C@H](CC[C@]12C)[C@@]1(C)CC[C@H](O)C[C@]1(O)[C@H](O)[C@@H]3O,,,
COc1ccc(c2nonc2c2cc(OC)c(OC)c(OC)c2)cc1O,,,
COc1ccc(/C=C/C(=O)c2cc(OC)c(OC)c(OC)c2)cc1O,,,
COc1cc(/C=C/c2cn(/C=C/c3ccccc3)nn2)cc(OC)c1OC,,,
Oc1ccc(/C=C/n2cc(/C=C/c3ccc(O)c(O)c3)nn2)cc1,,,
C=C1C[C@](OC)([C@H](O)C(=O)N[C@H]2OCO[C@H]3[C@@H]2O[C@H](C[C@H](O)CO)C(C)(C)[C@@H]3OC)O[C@H](C)[C@@H]1C,,,
CC(C)n1cnc2c(NCc3ccc(c4ccccn4)cc3)nc(N3C[C@H](O)C[C@H]3CO)nc12,,,
CCCCCc1cc(O)c2c(c1)OC(C)(C)[C@@H]1CCC(=C[C@@H]21)C,,,
C=C1C(=O)[C@@]23CC[C@@H]4[C@@](C)(CO)CC[C@H](O)[C@@]4(C)[C@@H]2CC[C@@H]1[C@H]3O,,,
COc1ccc(c2nonc2c2cc(OC)c(OC)c(OC)c2)cc1[N+](=O)[O-],,,
FC(F)(F)c1cc2cc(c1)Nc1nccc(n1)Nc1cc(cc(C(F)(F)F)c1)Nc1nccc(n1)N2,,,
COc1ccccc1NC(=O)CCCCCCn1cc(c2cccnc2)nn1,,,
COC(=O)c1sc(c2ccnc(NC(=O)C3CC3)c2)nc1OCCNc1c2c(nc3ccccc13)CCCC2,,,
CC[N+](CC)(CC)CCOc1ccc(/C=C/c2cc(OC)cc(OC)c2)cc1,,,
CN(CCCNC(=O)c1cccc(Br)c1)Cc1ccccc1,,,
COc1cccc(C(=O)NCCCN(C)Cc2ccccc2)c1,,,
COc1ccc2c3c1O[C@H]1C[C@@H](O)C=C[C@@]31CCN(CCCCCC(=O)NC13CC4CC(C)(CC(C)(C4)C1)C3)C2,,,
C[C@@H]1[C@H]2C3=CC[C@@H]4[C@@]5(C)CC[C@H](O)C(C)(C)[C@@H]5CC[C@@]4(C)[C@]3(C)CC[C@@]2(C(=O)OCCO[N+](=O)[O-])CC[C@H]1C,,,
C[C@@H]1[C@H]2C3=CC[C@@H]4[C@@]5(C)CC[C@H](O)C(C)(C)[C@@H]5CC[C@@]4(C)[C@]3(C)CC[C@@]2(C(=O)OCCCO[N+](=O)[O-])CC[C@H]1C,,,
CCOC(=O)[C@]12CC[C@@H](C)[C@H](C)[C@H]1C1=CC[C@@H]3[C@@]4(C)CC[C@H](OC(=O)C)C(C)(C)[C@@H]4CC[C@@]3(C)[C@]1(C)CC2,,,
CC(C)[C@H](O)C(=O)N[C@@H](C)C(=O)N[C@@H]1C(=O)N(C)CCc2ccccc12,,,
CC(C)CC[C@H](c1ccc(C(F)(F)F)nc1)N1CC[C@@H](CC(=O)[O-])C[C@H]1c1ccc(C(F)(F)F)cc1,,,
O=C1S/C(=C\c2cn(c3ccccc3)nc2c2ccc(Cl)cc2)/C(=O)N1Cc1ccc(Cl)cc1,,,
CC[C@H](CO)Nc1nc(NCc2ccccc2)c2ncn(C(C)C)c2n1,,,
C=C1C(=O)[C@@]23C(CC[C@@H]1[C@H]2O)[C@]1(C)CC[C@H](O)C(C)(C)[C@H]1C[C@H]3O,,,
O=C1Nc2cc(Br)ccc2/C/1=C\1/Nc2ccccc2/C1=N\OCCBr,,,
N#CCCCc1cn(c2ccncc2)nn1,,,
O=C1S/C(=C\c2cn(c3ccccc3)nc2c2ccccc2)/C(=O)N1Cc1cccc(Br)c1,,,
O=C1S/C(=C\c2cn(c3ccccc3)nc2c2ccccc2)/C(=O)N1Cc1ccc(Cl)cc1,,,
O=C(CCCCCCCn1cc(c2cccnc2)nn1)NCC(c1ccccc1)c1ccccc1,,,
O=C(CCCCCCCCn1cc(c2cccnc2)nn1)Nc1ccccc1Cc1ccccc1,,,
O=C(CCCCCCCn1cc(c2cccnc2)nn1)Nc1ccccc1Oc1ccccc1,,,
O=C(CCCCCCn1cc(c2cccnc2)nn1)Nc1ccccc1Cc1ccccc1,,,
O=C(CCCCCCCn1cc(c2cccnc2)nn1)Nc1ccccc1c1ccccc1,,,
C[C@@H]1CC[C@H]2[C@@](C)(C(=O)Nc3cccc(NC(=O)[C@@]4(C)O[C@@H]5O[C@@]6(C)CC[C@H]7[C@H](C)CC[C@@H]4[C@@]57OO6)c3)O[C@@H]3O[C@@]4(C)CC[C@@H]1[C@@]23OO4,,,
Nc1nccc(c2c[nH]c3ncc(c4ccc(OC(F)(F)F)cc4)cc23)n1,,,
CCn1cc(C(=O)O)c(=O)c2cc(F)c(N3CCN(/C=N/NC(=O)c4ccc(F)cc4)CC3)cc12,,,
O=C(O)c1cn(C2CC2)c2cc(N3CCNCC3)c(F)cc2c1=O,,,
N=C(NCCC[C@H](NC(=O)c1cc2c(cn1)[nH]c1ccccc21)C(=O)OCc1ccccc1)N[N+](=O)[O-],,,
CCCCCCC(C(=O)NC1CCCCC1)N(CCc1ccccc1)C(=O)CCCCCC(=O)NO,,,
C[N+](C)(C)CCCC(=O)Nc1ccc2-c3nccc4cccc(C(=O)c2c1)c34,,,
COc1cccc(c2cnc(N)nc2c2c[nH]c3cccc(Br)c23)c1,,,
Nc1ncc(c2ccc(C(F)(F)F)cc2)c(c2c[nH]c3c(Br)cccc23)n1,,,
COc1ccc(c2occc2c2cc(OC)c(OC)c(OC)c2)cc1,,,
CC[N+](C)(CC)CCC(=O)Nc1ccc2-c3nccc4cccc(C(=O)c2c1)c34,,,
O=C1S/C(=C\c2cn(c3ccccc3)nc2c2ccccc2)/C(=O)N1Cc1ccccc1,,,
CCC1C=Cc2c(cc(C)oc2=O)O1,,,
Cc1cc2c(c(=O)o1)C=C1CCCCC1(C)O2,,,
CNc1nc(C)c2cc(c3cnc(OC)c(NS(=O)(=O)c4ccc(F)cc4F)c3)cc(O[C@@H]3CCOC3)c2n1,,,
COc1ccc(/C=C\c2cc(OC)c(OC)c(OC)c2)cc1OCCN(CCCl)CCCl,,,
CC(C)CCC[C@@H](C)[C@H]1CC[C@H]2[C@@H]3C[C@@H](O)[C@@]4(O)[C@@H](O)[C@@H](O)CC[C@]4(C)[C@H]3CC[C@]12C,,,
NC(=O)c1sc(c2ccnc(NC(=O)C3CC3)c2)nc1OCCNc1c2c(nc3ccccc13)CCCC2,,,
COc1nc(c2ccnc(NC(=O)C3CC3)c2)sc1C(=O)NCCCNc1c2c(nc3ccccc13)CCCC2,,,
COc1ccnc2c1c(c1ccnc(N)n1)cn2C,,,
COc1ccc(/C=C\c2cc(OC)c(OC)c(OC)c2)cc1OC(=O)CCCc1ccc(N(CCCl)CCCl)cc1,,,
CC(=O)O[C@H]1C(=O)[C@]2(C)[C@@H](O)C[C@H]3OC[C@@]3(OC(=O)C)[C@H]2[C@H](OC(=O)c2ccccc2)[C@]2(O)C[C@H](OC(=O)[C@H](O)[C@@H](NC(=O)c3ccccc3)c3ccccc3)C(=C1C2(C)C)C,,,
COc1ccc(c2nonc2c2cc(OC)c(O)c(OC)c2)cc1O,,,
Nc1nccc(c2c[nH]c3c([N+](=O)[O-])cccc23)n1,,,
Nc1ncc(c2ccc(C(F)(F)F)cc2)c(c2c[nH]c3cc(Br)ccc23)n1,,,
CC(C)n1cnc2c(Nc3ccc(Br)cc3)nc(c3cccnc3)nc12,,,
COc1ccc(c2c(c3cc(OC)c(OC)c(OC)c3)coc2/C=N/NC(=O)CCCC(=O)O)cc1,,,
Cc1ccc(Sc2cnc(Nc3cccc(Br)n3)s2)cc1C(=O)N1CCN(C(=O)CN)CC1,,,
COc1ccc(c2nonc2c2cc(OC)c(OC)c(OC)c2)cc1,,,
COc1cc([C@@H]2c3cc4c(cc3[C@@H](Nc3nnco3)[C@H]3COC(=O)[C@H]23)OCO4)cc(OC)c1OC,,,
COC1=C(N)C(=O)c2nc(c3nc(C(=O)O)c(C)c(c4ccc(OC)c(OC)c4O)c3N)ccc2C1=O,,,
COc1cc([C@@H]2c3cc4c(cc3[C@@H](Nc3nnc(c5ccccc5)o3)[C@H]3COC(=O)[C@H]23)OCO4)cc(OC)c1OC,,,
COc1ccc(/C=C/C(=O)/C=C/c2nc3c(C)cccc3n2C)cc1O,,,
COc1ccc2c(c1)nc(/C=C/C(=O)/C=C/c1ccc(OC)c(O)c1)n2C,,,
COc1ccc(/C=C/C(=O)/C=C/c2nc3cc(O)ccc3n2C)cc1O,,,
CC[N+](CC)(CC)CCCCOc1ccc(/C=C/c2cc(OC)cc(OC)c2)cc1,,,
COc1cc([C@@H]2c3cc4c(cc3[C@@H](Nc3nnc(C)o3)[C@H]3COC(=O)[C@H]23)OCO4)cc(OC)c1O,,,
CCCCOC(=O)NCCc1nc(c2ccc(CC)cc2)c[nH]1,,,
CCCCOC(=O)NCCc1nc(c2ccc(N3CCCC3)cc2)c[nH]1,,,
CCCCOC(=O)NCCc1nc(c2ccc(Br)cc2)c[nH]1,,,
CCOC(=O)C1CCCN(C(=O)c2cc(c3ccc(Cl)cc3)nc3ccccc23)C1,,,
O=C(c1c[nH]c2ccccc12)C(NCc1ccc2c(c1)OCO2)c1ccccc1,,,
C[C@@H]1CC[C@H]2[C@@](C)(C(=O)Nc3ccccc3NC(=O)[C@@]3(C)O[C@@H]4O[C@@]5(C)CC[C@H]6[C@H](C)CC[C@@H]3[C@@]46OO5)O[C@@H]3O[C@@]4(C)CC[C@@H]1[C@@]23OO4,,,
CCOP(=O)(OC[C@@]1(C)O[C@@H]2O[C@@]3(C)CC[C@H]4[C@H](C)CC[C@@H]1[C@@]24OO3)OC[C@@]1(C)O[C@@H]2O[C@@]3(C)CC[C@H]4[C@H](C)CC[C@@H]1[C@@]24OO3,,,
CC(C)CCC[C@@H](C)[C@H]1CC[C@H]2[C@@H]3C/C(=N\O)/[C@@]4(O)C[C@@H](O)CC[C@]4(C)[C@H]3CC[C@]12C,,,
COc1ccc(c2ccoc2c2cc(OC)c(OC)c(OC)c2)cc1,,,
CNc1nc(C)c2cc(c3cnc(OC)c(NS(=O)(=O)c4ccc(F)cc4F)c3)cc(OC3CCOCC3)c2n1,,,
COc1ccc([C@]23O[C@@H]4C2O[C@](OC)([C@H]3O)[C@]4(O)c2ccc(O)cc2)cc1,,,
COc1ccnc2[nH]cc(c3ccnc(SC)n3)c12,,,
Nc1nccc(c2c[nH]c3nc(Br)ccc23)n1,,,
COCCOc1ccnc2[nH]cc(c3ccnc(N)n3)c12,,,
COc1cc(C2c3cc4c(cc3Cn3nncc23)OCO4)cc(OC)c1OC,,,
CC(C)n1cnc2c(NCc3ccc(c4ccccn4)cc3)nc(NCC[C@H](O)CO)nc12,,,
COc1ccc(c2coc3cc(OCc4ccc(C)cc4)ccc3c2=O)cc1N(CCCl)CCCl,,,
Cc1ccc(Sc2cnc(Nc3cccc(Br)n3)s2)cc1C(=O)N1CCN(C(=O)[C@@H](C)N)CC1,,,
Cc1ccc(Sc2cnc(Nc3cccc(Br)n3)s2)cc1C(=O)N(C)CC#N,,,
CC(=O)N1CCN(C(=O)c2cc(Sc3cnc(Nc4cccc(Br)n4)s3)ccc2C)CC1,,,
C[C@@H]1[C@H]2C3=CC[C@@H]4[C@@]5(C)CC[C@H](O)C(C)(C)[C@@H]5CC[C@@]4(C)[C@]3(C)CC[C@@]2(C(=O)N2CCN(CCO)CC2)CC[C@H]1C,,,
COc1ccc(c2coc3cc(OCCC(C)C)ccc3c2=O)cc1N(CCCl)CCCl,,,
COc1ccc(c2coc3cc(OC(C)C)ccc3c2=O)cc1N(CCCl)CCCl,,,
CC(C(O)c1ccc(O)cc1)N1CCC(Cc2ccccc2)CC1,,,
COc1cc(N2CCN(C)CC2)ccc1Nc1nc(N)n(C(=S)NCc2ccccc2S(=O)(=O)C(C)C)n1,,,
COc1ccc(c2coc3cc(O)ccc3c2=O)cc1,,,
COc1ccc(c2cc(=O)c3c(O)c(OC)c(OC)c(OC)c3o2)cc1OC,,,
C=C1C(=O)[C@@]23[C@@H](C(=O)C[C@@H]1[C@H]2O)[C@]1(C)CCC[C@](C)(CO)[C@H]1C[C@H]3O,,,
O=C(O)c1csc(NC2=C(Cl)C(=O)c3ccccc3C2=O)n1,,,
O=C1C(=C(Nc2nc(c3ccc([N+](=O)[O-])cc3)cs2)C(=O)c2ccccc12)Cl,,,
COc1ccc(c2coc3cc(O)ccc3c2=O)cc1N(CCCl)CCCl,,,
CN(C)CCCC(=O)Nc1ccc2-c3nccc4cccc(C(=O)c2c1)c34,,,
C[N+]1(CCC(=O)Nc2ccc3-c4nccc5cccc(C(=O)c3c2)c45)CCCC1,,,
CCn1cc(C(=O)O)c(=O)c2cc(F)c(N3CCNCC3)cc12,,,
Nc1nccc(c2c[nH]c3cccc(O)c23)n1,,,
CCN(CCCCCCNC1=CC(=O)C(=CC1=O)NCCCCCCN(CC)Cc1ccccc1OC)Cc1ccccc1OC,,,
CC(=O)O[C@H]1CC[C@@]2(C)[C@@H](CC[C@]3(C)[C@@H]2CC=C2[C@@H]4[C@@H](C)[C@H](C)CC[C@]4(C(=O)N4CCC(CCO)CC4)CC[C@@]32C)C1(C)C,,,
C[C@@H]1[C@H]2C3=CC[C@@H]4[C@@]5(C)CC[C@H](O)C(C)(C)[C@@H]5CC[C@@]4(C)[C@]3(C)CC[C@@]2(C(=O)N2CCN(CCOCCO)CC2)CC[C@H]1C,,,
Nc1ncc(I)c(c2c[nH]c3cccc([N+](=O)[O-])c23)n1,,,
CC(C)(O)CC[C@@H]1OC(C)(C)O[C@]1(C)[C@H]1CC[C@@]2(O)C3=CC(=O)[C@@H]4C[C@H]5OC(C)(C)O[C@H]5C[C@]4(C)[C@H]3CC[C@]12C,,,
CC(C)(F)CC[C@@H]1OC(C)(C)O[C@]1(C)[C@H]1CC[C@@]2(F)C3=CC(=O)[C@@H]4C[C@H]5OC(C)(C)O[C@H]5C[C@]4(C)[C@H]3CC[C@]12C,,,
COc1cccc2c1C(=O)c1c(O)c3c(c(O)c1C2=O)C[C@@](O)(C(=O)CO)C[C@@H]3O[C@H]1C[C@H](N)[C@H](O)[C@H](C)O1,,,
Nc1nccc(c2c[nH]c3cc(Br)ccc23)n1,,,
C[C@@H]1[C@H]2C3=CC[C@@H]4[C@@]5(C)CC[C@H](O)C(C)(C)[C@@H]5CC[C@@]4(C)[C@]3(C)CC[C@@]2(C(=O)O)CC[C@H]1C,,,
C[C@@H]1[C@H]2C3=CC[C@@H]4[C@@]5(C)CC[C@H](O)C(C)(C)[C@@H]5CC[C@@]4(C)[C@]3(C)CC[C@@]2(C(=O)OCCCCO[N+](=O)[O-])CC[C@H]1C,,,
CC(=O)O[C@H]1CC[C@@]2(C)[C@@H](CC[C@]3(C)[C@@H]2CC=C2[C@@H]4[C@@H](C)[C@H](C)CC[C@]4(C(=O)NCCO)CC[C@@]32C)C1(C)C,,,
Cc1ccc(c2cc(C(F)(F)F)nn2c2ccc(S(=O)(=O)N)cc2)cc1,,,
CC(C)Sc1nc(Nc2cccc(O)c2)c2cnn(CC(Cl)c3ccccc3)c2n1,,,
c1ccc(COc2ccccc2Nc2ncnc3cc4c(cc23)OCCOCCO4)cc1,,,
FC(F)(F)c1ccc(COc2ccc(Nc3ncnc4cc5c(cc34)OCCOCCOCCO5)cc2)cc1,,,
C=C(C)[C@@H]1CCC(=C[C@H]1c1c(O)cc(CCCCC)cc1O)C,,,
CC(=CCCC1(C)C=Cc2c(cc(C)oc2=O)O1)C,,,
Cc1cc2c(c(=O)o1)C=C1CCCC1O2,,,
Nc1ncc(c2ccc(C(F)(F)F)cc2)c(c2c[nH]c3ccc(Br)cc23)n1,,,
COc1cc2c(cc1OC)C(=O)/C(=C/C1CCCN(Cc3ccccc3)C1)/C2,,,
COc1cc2c(cc1OC)C(=O)C(CC1CN(Cc3ccccc3)C1)C2,,,
COc1cc2c(cc1OC)C(=O)C(CC1CCN(Cc3ccccc3)CC1)C2,,,
C[C@@H]1CC[C@H]2[C@@H](C)[C@H](N3CCN(C(=O)Nc4ccc(OC(F)(F)F)cc4)CC3)O[C@@H]3O[C@@]4(C)CC[C@@H]1[C@@]23OO4,,,
CCCC(CCC)c1nc(c2ccc(C(C)(C)C)cc2)c[nH]1,,,
CC(C)n1cnc2c(NCc3ccc(c4ccccn4)cc3)nc(NC[C@@H](O)CO)nc12,,,
COc1cc2c(Nc3ccc(C#N)cc3)ncnc2cc1OCCCN1CCN(C)CC1,,,
CN(CCCNC(=O)c1cccc(Cl)c1Cl)Cc1ccccc1,,,
O=C(NCCCN1CCOCC1)c1ccc(Cl)cc1,,,
CCN(CC1CCN(Cc2ccc(Cl)cc2Cl)CC1)C(=O)C,,,
COc1cc(/C=C/c2ccc(OCCCC[P+](c3ccccc3)(c3ccccc3)c3ccccc3)cc2)cc(OC)c1,,,
C[C@@H]1CC[C@H]2[C@@](C)(C(=O)OCCCCCOC(=O)[C@@]3(C)O[C@@H]4O[C@@]5(C)CC[C@H]6[C@H](C)CC[C@@H]3[C@@]46OO5)O[C@@H]3O[C@@]4(C)CC[C@@H]1[C@@]23OO4,,,
C[C@@H]1CC[C@H]2[C@@](C)(C(=O)OCCCCCCCCCCOC(=O)[C@@]3(C)O[C@@H]4O[C@@]5(C)CC[C@H]6[C@H](C)CC[C@@H]3[C@@]46OO5)O[C@@H]3O[C@@]4(C)CC[C@@H]1[C@@]23OO4,,,
CCOc1ccc2c(=O)c(c3ccc(OC)c(N(CCCl)CCCl)c3)coc2c1,,,
COc1cc(OC)c2c(c1CC=C(C)C)C[C@@H](C)OC2=O,,,
CC(=O)Cc1cc2c(CCCO)cc(O)cc2c(=O)o1,,,
COC(=O)CCCN1C(=O)[C@]23O[C@]4(O)[C@@](O)([C@@H](C)O)C(=O)N5C(C)(C)[C@H](Cc6cccc1c26)[C@H]3[C@]45O,,,
COC(=O)CCCN1C(=O)[C@]23O[C@]4(O)[C@@H](O)C(=O)N5C(C)(C)[C@H](Cc6cccc1c26)[C@H]3[C@]45O,,,
CN(CCCCCCCOc1ccc(c2oc3ccccc3c2C(=O)c2ccccc2)cc1)Cc1ccccc1,,,
CC(C)(C)n1nc(c2ccc(Cl)cc2)c2c(N)ncnc12,,,
Cc1cc2c(c(=O)o1)C=C(c1ccccc1)C(CC(C)C)O2,,,
CC[C@H](CO)Nc1nc(c2ccccc2)c2ncn(C(C)C)c2n1,,,
CCCCOC(=O)NCCc1nc(c2ccc(c3ccccc3)cc2)c[nH]1,,,
O=C(NCCc1nc(c2ccc(c3ccccc3)cc2)c[nH]1)OC1CCCC1,,,
COc1cc([C@@H]2c3cc4c(cc3[C@H](O)[C@H]3COC(=O)[C@H]23)OCO4)cc(OC)c1OC,,,
COc1cc(/C=C/2\CN(C(=O)CCC(=O)NCCCNCCCCNCCCN)C/C(=C\c3ccc(O)c(OC)c3)/C2=O)ccc1O,,,
C=C1C[C@](OC)([C@H](O)C(=O)N[C@H]2OCO[C@H]3[C@@H]2O[C@H](C[C@@H](CO)OC)C(C)(C)[C@@H]3OC)O[C@H](C)[C@@H]1C,,,
Nc1cc(c2ccco2)c2oc(c3ccco3)nc2c1,,,
COc1ccc(c2cocc2c2cc(OC)c(OC)c(OC)c2)cc1O,,,
N=C(N)c1ccc(Nc2ncnc(Nc3ccc(S(=O)(=O)N)cc3)c2[N+](=O)[O-])cc1,,,
C[C@]12CC[C@H]3[C@@H](CC=C4C[C@@H](OC(=O)Cn5cc(CN6C(=O)C(=O)c7cc(Br)ccc67)nn5)CC[C@]34C)[C@@H]1CCC2=O,,,
C[C@]12CC[C@H]3[C@@H](CC=C4C[C@@H](OC(=O)Cn5cc(CN6C(=O)C(=O)c7c(Cl)ccc(Cl)c67)nn5)CC[C@]34C)[C@@H]1CCC2=O,,,
C[C@]12CC[C@H]3[C@@H](CC=C4C[C@@H](OC(=O)Cn5cc(COc6ccc7ccc(=O)oc7c6)nn5)CC[C@]34C)[C@@H]1CCC2=O,,,
C[C@]12CC[C@H]3[C@@H](CC=C4C[C@@H](OC(=O)Cn5cc(COc6cc(=O)oc7ccccc67)nn5)CC[C@]34C)[C@@H]1CCC2=O,,,
O=c1[nH]cc(F)c(=O)[nH]1,,,
COc1ccc(/C=C\c2cc(OC)c(OC)c(OC)c2)cc1N(CCO)CCO,,,
COc1cc2c(-c3cc4c(cc3Cc3cnnn3C2)OCO4)c(OC)c1OC,,,
COc1ccc(c2cc(C(=O)N/N=C(\C)/c3ccc(OC)c(OC)c3)[nH]n2)cc1,,,
CCN(CC)CCCOc1cc2ncnc(Nc3ccc(C#N)cc3)c2cc1OC,,,
COc1cc2c(Nc3ccccc3C#N)ncnc2cc1OCCCN1CCCCC1,,,
CCN1CCN(CCCOc2cc3ncnc(Nc4ccccc4C#N)c3cc2OC)CC1,,,
c1ccc(c2ccc(c3c[nH]c(CCCC4CCCCC4)n3)cc2)cc1,,,
Cc1cc2c(c(=O)o1)C=C1C(C)(C)CC=CC1(C)O2,,,
CC[C@H](CO)Nc1nc(NCc2cccc(c3ccncc3)c2)c2ncn(C(C)C)c2n1,,,
C/C=C\1/NC(=O)[C@H](CCO)NC(=O)C[C@@H](CCCCC)NC(=O)CNC(=O)[C@H](CC(C)C)NC(=O)[C@@H](C(C)C)NC(=O)[C@H]([C@@H](C)CC)NC(=O)[C@@H](CC(C)C)NC(=O)[C@@H](Cc2ccccc2)NC(=O)[C@H](CCO)NC(=O)[C@@H]2C[C@@H](O)CN2C1=O,,,
C=C(C)[C@@H]1CC[C@H]2O[C@H]2[C@H]1c1c(O)cc(CCCCC)cc1O,,,
COC(=O)[C@@H]1c2c(oc3cc(CCO)cc(O)c3c2=O)C=C[C@H]1O,,,
COc1cc([C@@H]2c3cc4c(cc3[C@@H](Nc3nnc(c5ccco5)o3)[C@H]3COC(=O)[C@H]23)OCO4)cc(OC)c1OC,,,
CC[C@H](CO)Nc1nc(NCc2ccccc2)n2ncc(C(C)C)c2n1,,,
CC(C)[C@H](CO)Nc1nc(Nc2ccc(c3ccncc3)cc2)c2ncn(C(C)C)c2n1,,,
CC[C@H](CO)Nc1nc(Nc2ccc(c3ccccn3)cc2)c2ncn(C(C)C)c2n1,,,
CC[C@H](CO)Nc1nc(NCc2cccc(c3ccccn3)c2)c2ncn(C(C)C)c2n1,,,
CC[C@H](CO)Nc1nc(NCc2ccc(c3ccncc3)cc2)c2ncn(C(C)C)c2n1,,,
CCN(CC)CCO/N=C\1/C(=C\2/C(=O)Nc3cc(Br)ccc23)/Nc2ccccc12,,,
CC(C)Oc1ccc2-c3c(CCc2c1)c1c(c2c3C(=O)NC2)c2ccccc2n1CCO,,,
C=C1C(=O)[C@@]23[C@@H](CC[C@@H]1[C@H]2OC(=O)C)[C@]1(C)CCC(=O)C(C)(C)[C@H]1C[C@H]3O,,,
O=C(CCCCCC(=O)N(CCc1ccccc1)C(Cc1ccccc1)C(=O)NCc1ccccc1)NO,,,
O=C(CCCCCCCn1cc(c2cccnc2)nn1)Nc1ccccc1Cc1ccccc1,,,
CC[C@H](CO)Nc1nc(c2cccnc2)c2ncn(C(C)C)c2n1,,,
COc1ccc2-c3c(CCc2c1)c1c(c2c3C(=O)NC2)c2ccccc2n1CCO,,,
OC[C@H]1O[C@@](CO)(OC2O[C@H](COC3O[C@H](CO)[C@H](O)[C@H](O)[C@H]3O)[C@@H](O)[C@H](O)[C@H]2O)[C@@H](O)[C@@H]1O,,,
O=C1Nc2cc(Br)ccc2/C/1=C\1/Nc2ccccc2/C1=N\OCCN1CCOCC1,,,
C/C=C\1/NC(=O)[C@H](CCO)NC(=O)C[C@@H](CCCCC)NC(=O)CNC(=O)[C@H](CC(C)C)NC(=O)[C@@H]([C@@H](C)CC)NC(=O)[C@H](C(C)C)NC(=O)[C@@H](CC(C)C)NC(=O)[C@@H](Cc2ccccc2)NC(=O)[C@H](CCO)NC(=O)[C@@H]2C[C@@H](O)CN2C1=O,,,
C/C=C(/NC(=O)[C@H](CCO)NC(=O)C[C@H](N)CCCCC)\C(=O)N1C[C@H](O)C[C@H]1C(=O)N[C@@H](CCO)C(=O)N[C@H](Cc1ccccc1)C(=O)N[C@H](CC(C)C)C(=O)N[C@H](C(=O)N[C@@H](C(=O)O)[C@@H](C)CC)[C@@H](C)CC,,,
Cc1cc(O)cc2c1C[C@H]1CC(C)(C)/C=C/C[C@]3(C)OC4=CC(=O)O[C@]5(C)CC(=O)O[C@]45C[C@H]3C[C@H](O)[C@@]1(C)O2,,,
COc1ccc(c2coc3cc(OC4CCCCCC4)ccc3c2=O)cc1N(CCCl)CCCl,,,
COc1ccc(c2coc3cc(OCc4ccccc4)ccc3c2=O)cc1N(CCCl)CCCl,,,
C=CCOc1ccc2c(=O)c(c3ccc(OC)c(N(CCCl)CCCl)c3)coc2c1,,,
CCC(C)Oc1ccc2c(=O)c(c3ccc(OC)c(N(CCCl)CCCl)c3)coc2c1,,,
CC(C)Oc1ccnc2[nH]cc(c3ccnc(N)n3)c12,,,
C=C1C(=O)[C@@]23[C@@H](CC[C@@H]1[C@H]2O)[C@]1(C)[C@@H](O)C[C@H](O)C(C)(C)[C@H]1C[C@H]3O,,,
CC[C@@H](CO)Nc1nc(NCc2ccncc2)c2ncn(C(C)C)c2n1,,,
CC(C)n1cnc2c(Nc3ccc(c4ccccc4)cc3)nc(NC(C)(C)CO)nc12,,,
CC[C@H](CO)Nc1nc(c2ccncc2)c2ncn(C(C)C)c2n1,,,
CC(C)[C@H](CO)Nc1nc(Nc2ccc(c3ccccn3)cc2)c2ncn(C(C)C)c2n1,,,
CC(C)n1cnc2c(Nc3ccc(Br)cc3)nc(c3ccncc3)nc12,,,
CC(C)n1cnc2c(NCc3ccc(c4ccccn4)cc3)nc(NC(C)(C)CO)nc12,,,
CC[C@H](CO)Nc1nc(NCc2cccnc2)c2ncn(C(C)C)c2n1,,,
CC[C@H](CO)Nc1nc(NCc2ccccn2)c2ncn(C(C)C)c2n1,,,
O=C(CCCCCCn1cc(c2cccnc2)nn1)Nc1ccccc1Oc1ccccc1,,,
O=C(CCCCCCCCn1cc(c2cccnc2)nn1)Nc1ccccc1Oc1ccccc1,,,
COc1ccc(c2coc3cc(OC4CCCC4)ccc3c2=O)cc1N(CCCl)CCCl,,,
COc1ccc(c2coc3cc(OCC=C(C)C)ccc3c2=O)cc1N(CCCl)CCCl,,,
CCCOc1ccc2c(=O)c(c3ccc(OC)c(N(CCCl)CCCl)c3)coc2c1,,,
Clc1cccc(C(c2ccc3nc[nH]c3c2)n2ccnc2)c1,,,
C[C@@H]1[C@H]2C3=CC[C@@H]4[C@@]5(C)CC[C@H](O)C(C)(C)[C@@H]5CC[C@@]4(C)[C@]3(C)CC[C@@]2(C(=O)NC(CO)C(=O)O)CC[C@H]1C,,,
Nc1ncc(I)c(c2c[nH]c3c([N+](=O)[O-])cccc23)n1,,,
Nc1ncc(I)c(c2c[nH]c3c(Br)cccc23)n1,,,
COc1ccc(c2coc(C=O)c2c2cc(OC)c(OC)c(OC)c2)cc1,,,
COc1ccc(c2c(c3cc(OC)c(OC)c(OC)c3)coc2C=O)cc1,,,
Cc1cc(C2CCCCC2)n(O)c(=O)c1,,,
C=C1[C@@H]2CC(=O)[C@H]3[C@]4(C)CCC[C@](C)(CO)[C@H]4C[C@@H](O)[C@@]3([C@@H]1O)[C@@H]2O,,,
C=C1C(=O)[C@@]23[C@@H]([C@@H](O)[C@H](O)[C@@H]1[C@H]2OC(=O)C)[C@]1(C)CCCC(C)(C)[C@H]1C[C@H]3O,,,
CC[N+](CC)(CC)CCCCCCOc1ccc(/C=C/c2ccccc2)cc1,,,
CC[N+](CC)(CC)CCCCCCCCOc1ccc(/C=C/c2ccccc2)cc1,,,
C(=C\c1ccc(OCCCCCCCCCC[P+](c2ccccc2)(c2ccccc2)c2ccccc2)cc1)/c1ccccc1,,,
COc1cc(/C=C/n2cc(/C=C/c3ccccc3)nn2)ccc1O,,,
COc1cc(/C=C/c2cn(/C=C/c3ccccc3)nn2)ccc1O,,,
Oc1ccc(/C=C/c2cn(/C=C/c3ccccc3)nn2)cc1,,,
CC(=O)Nc1ccc(C2=CC(c3ccc(Cl)cc3Cl)n3nc(CCCO)nc3N2)cc1,,,
O=C1Nc2cc(Br)ccc2/C/1=C\1/Nc2ccccc2/C1=N\OCC(O)CO,,,
CCNC(=O)c1cc(Sc2cnc(Nc3ccccn3)s2)ccc1C,,,
CN(CCCCCCCOc1ccc(c2cc3ccccc3o2)cc1)Cc1ccccc1,,,
COc1cc(/C=C/c2cn(/C=C/c3ccc(O)cc3)nn2)ccc1O,,,
CN(CCCNC(=O)c1ccccc1)Cc1ccccc1,,,
CN(CCNC(=O)c1ccc(Cl)cc1)Cc1ccccc1,,,
CN(CCCNC(=O)c1ccc(Cl)cc1)Cc1ccccc1,,,
O=C(CCCCCC(=O)N(Cc1ccccc1)C(Cc1ccccc1)C(=O)NCCc1ccccc1)NO,,,
Oc1cccc2[nH]c3ccccc3c12,,,
CCOC(=O)c1cc2cc(c1)Nc1nc(ncc1Cl)Nc1cc(cc(C(=O)OCC)c1)Nc1nc(ncc1Cl)N2,,,
COc1cnc2nc1Nc1cc(cc(N3CCCC3)c1)Nc1ncc(OC)c(n1)Nc1cc(cc(N3CCCC3)c1)N2,,,
c1cc2nc(n1)Nc1cc(cc(N3CCOCC3)c1)Nc1ccnc(n1)Nc1cc(cc(N3CCOCC3)c1)N2,,,
Oc1ccnc2[nH]cc(c3ccncn3)c12,,,
CCOc1ccnc2[nH]cc(c3ccnc(N)n3)c12,,,
Nc1nccc(c2c[nH]c3ncccc23)n1,,,
O=C(/C=C/c1cccnc1)NCCCCC1CCN(C(=O)c2ccccc2)CC1,,,
COc1cc([C@@H]2c3cc4c(cc3[C@@H](Nc3nnc(c5ccc([N+](=O)[O-])cc5)o3)[C@H]3COC(=O)[C@H]23)OCO4)cc(OC)c1OC,,,
CCCC[C@H](c1ccc(C(F)(F)F)nc1)N1CC[C@@H](CC(=O)[O-])C[C@H]1c1ccc(C(F)(F)F)cc1,,,
O=C(CCCCCC(=O)N(Cc1ccccc1)C(Cc1ccccc1)C(=O)NC1CCCCC1)NO,,,
O=C(CCN1CCCC1)Nc1ccc2-c3nccc4cccc(C(=O)c2c1)c34,,,
CCOc1cc(/C=C/2\CN(C(=O)CCC(=O)NCCCNCCCCNCCCN)C/C(=C\c3ccc(O)c(OCC)c3)/C2=O)ccc1O,,,
O=C(NCc1cccnc1)C1CCN(Cc2ccccc2)CC1,,,
O=C(N/N=C/N1CCN(c2cc3c(cc2F)c(=O)c(C(=O)O)cn3C2CC2)CC1)c1cccc(C(F)(F)F)c1,,,
COC(=O)C(Cc1ccc(O)cc1)NC(=O)[C@]12CC[C@@H](C)[C@H](C)[C@H]1C1=CC[C@@H]3[C@@]4(C)CC[C@H](OC(=O)C)C(C)(C)[C@@H]4CC[C@@]3(C)[C@]1(C)CC2,,,
COc1cc(/C=C/2\CNC/C(=C\c3ccc(O)c(OC)c3)/C2=O)ccc1O,,,
Nc1ccc2[nH]cc(c3nc(N)ncc3I)c2c1,,,
COc1cc(/C=C/C(=O)O)ccc1O,,,
CC12CC3CC(C)(C1)CC(N)(C3)C2,,,
CNC(=O)c1cc(Oc2ccc(NC(=O)Nc3ccc(Cl)c(C(F)(F)F)c3)cc2)ccn1,,,
CCN(CC)CCOc1ccc(C)c(NC(=O)Nc2cc(OC)c(OC)c(c3ccc(/C(=N/O)/C)c(OC)c3)c2)c1,,,
COC(=O)[C@]1(Cc2ccc(O)c(CC=C(C)C)c2)OC(=O)C(=C1c1ccccc1)O,,,
COC(=O)[C@]1(Cc2ccc(O)c(CC(=O)C)c2)OC(=O)C(=C1c1ccc(OC)cc1)O,,,
C[C@@H](O)[C@@]1(O)C(=O)N2C(C)(C)[C@@H]3Cc4cccc5c4[C@@]4(O[C@@]1(O)[C@@]2(O)[C@H]34)C(=O)N5C,,,
N[C@@H](Cc1ccc(N(CCCl)CCCl)cc1)C(=O)O,,,
COc1ccc(c2coc3cc(OC4CCCCC4)ccc3c2=O)cc1N(CCCl)CCCl,,,
CSc1nc(Nc2cccc(Cl)c2)c2cnn(CC(C)c3ccccc3)c2n1,,,
COc1ccc(C2C=C(c3ccccc3)NC(=C2C(=O)SC(C)(C)C)C)cc1,,,
CC(C)n1cnc2c(NCc3ccc(c4ccccn4)cc3)nc(N[C@@H]3CCC[C@H](O)[C@@H]3O)nc12,,,
Nc1nccc(c2c[nH]c3nccc(Cl)c23)n1,,,
COc1ccc2c3c1O[C@H]1C[C@@H](O)C=C[C@@]31CCN(C)C2,,,
C[C@H]1CNCCN1S(=O)(=O)c1cccc2cnccc12,,,
C=CCN1C(=O)S/C(=C\c2cn(c3ccccc3)nc2c2ccccc2)/C1=O,,,
O=C1S/C(=C\c2cn(c3ccccc3)nc2c2ccc(Cl)cc2)/C(=O)N1Cc1ccccc1,,,
O=C(CCCCCCCCn1cc(c2cccnc2)nn1)Nc1ccccc1c1ccccc1,,,
CC[C@H](CO)Nc1nc(NCc2ccncc2)c2ncn(C(C)C)c2n1,,,
CC[C@H](CO)Nc1nc(Nc2ccc(c3ccncc3)cc2)c2ncn(C(C)C)c2n1,,,
CC[C@H](CO)Nc1nc(Nc2ccc(c3cccnc3)cc2)c2ncn(C(C)C)c2n1,,,
Cc1cc2c(c(=O)o1)C=C(C(C)C)C(CC(C)C)O2,,,
Nc1nccc(c2c[nH]c3nccc(O)c23)n1,,,
CCCCN1C(=O)c2[nH]nc(c3ccccc3O)c2C1c1ccc(OCC)cc1,,,
COc1ccc(CCCO)c2cc(CC(=O)C)oc(=O)c12,,,
C[C@]12CC[C@H]3[C@@H](CC=C4C[C@@H](OC(=O)Cn5cc(CN6C(=O)C(=O)c7cc(Cl)ccc67)nn5)CC[C@]34C)[C@@H]1CCC2=O,,,
COc1cc([C@@H]2c3cc4c(cc3[C@@H](Nc3nnc(c5cccnc5)o3)[C@H]3COC(=O)[C@H]23)OCO4)cc(OC)c1OC,,,
COc1cc([C@@H]2c3cc4c(cc3[C@@H](Nc3nnc(c5ccncc5)o3)[C@H]3COC(=O)[C@H]23)OCO4)cc(OC)c1OC,,,
C[C@@H]1[C@H]2C3=CC[C@@H]4[C@@]5(C)CC[C@H](O)C(C)(C)[C@@H]5CC[C@@]4(C)[C@]3(C)CC[C@@]2(C(=O)N2CCC(CCO)CC2)CC[C@H]1C,,,
Nc1ncc(I)c(c2c[nH]c3cc([N+](=O)[O-])ccc23)n1,,,
CC(=O)Nc1ccc(c2cnc(N)nc2c2c[nH]c3c(Br)cccc23)cc1,,,
CC(=O)c1ccc(c2cnc(N)nc2c2c[nH]c3cccc(Br)c23)cc1,,,
Cc1ccc(NC(=O)Nc2nnc(Sc3ncnc4cc(OCCCN5CCOCC5)ccc34)s2)cc1,,,
CN1CCN(CCCOc2ccc3c4c(-c5ccccc5C3=O)nccc24)CC1,,,
COc1ccc(c2cocc2c2cc(OC)c(OC)c(OC)c2)cc1[N+](=O)[O-],,,
CSc1nc(Nc2cccc(Cl)c2)c2cnn(CCc3ccccc3)c2n1,,,
COc1ccc(/C(=N/O)/C(=N\O)/c2cc(OC)c(OC)c(OC)c2)cc1O,,,
Nc1nccc(c2c[nH]c3c(Br)cccc23)n1,,,
C[C@@H](Oc1cc(c2ccn(Cc3ccccc3)c(=O)c2)cnc1N)c1c(Cl)ccc(F)c1Cl,,,
COc1ccc(/C=C/c2cn(/C=C/c3ccc(O)c(OC)c3)nn2)cc1O,,,
COc1cccc(c2cnc(N)nc2c2c[nH]c3c(Br)cccc23)c1,,,
CC(=O)c1ccc(c2cnc(N)nc2c2c[nH]c3cc(Br)ccc23)cc1,,,
Nc1ncc(I)c(c2c[nH]c3ccc(Br)cc23)n1,,,
Nc1nccc(c2c[nH]c3cccc(Br)c23)n1,,,
O=[N+]([O-])c1ccc(NC(CCl)CCl)c(C(F)(F)F)c1,,,
COc1ccc2c(c1)C/C(=C/c1ccccc1c1ccc3nc(N)ccc3c1)/C2=O,,,
C[N+]1(CCOc2cnc3-c4c(C(=O)c5c3c2ccc5)cccc4)CCCCC1,,,
O=C1c2ccccc2-c2nccc3c(OCCCN4CCCCC4)ccc1c23,,,
O=C(CN1CCCC1)Nc1ccc2-c3nccc4cccc(C(=O)c2c1)c34,,,
COc1cccc(c2cscc2c2cc(OC)c(OC)c(OC)c2)c1F,,,
CC(=O)O[C@@H]1C[C@H]2[C@@H]3CC[C@H]([C@H](C)CCCC(C)C)[C@@]3(C)CC[C@@H]2[C@@]2(C)CC[C@H](O)C[C@]12O,,,
COc1cc(c2cscc2c2ccc(C)c(F)c2)cc(OC)c1OC,,,
COc1ccc(c2cscc2c2cc(OC)c(OC)c(OC)c2)cc1,,,
COc1ccc(c2occc2c2cc(OC)c(OC)c(OC)c2)cc1O,,,
Cn1cc(SCC(=O)N2N=C(c3cccs3)CC2c2ccc(F)cc2)c2ccccc12,,,
COc1cc(c2cc(NC(=O)Nc3ccc(OCCN(C)C)cc3)cc(OC)c2OC)ccc1/C(=N/O)/C,,,
CSc1nc(Nc2ccccc2)c2cnn(CC(C)c3ccccc3)c2n1,,,
CSc1nc(Nc2cccc(Br)c2)c2cnn(CC(C)c3ccccc3)c2n1,,,
COc1cc2c(cc1OC)C(=O)C(CC1CCCN(Cc3ccccc3)C1)C2,,,
Cc1ccc(OCc2cn(CC(=O)O[C@H]3CC[C@@]4(C)C(=CC[C@H]5[C@@H]6CCC(=O)[C@@]6(C)CC[C@H]45)C3)nn2)cc1,,,
Cc1ccc(Sc2cnc(Nc3cccc(Br)n3)s2)cc1C(=O)N(C)CCC#N,,,
C[C@]12CC[C@H]3[C@@H](CC=C4C[C@@H](OC(=O)Cn5cc(CN6C(=O)C(=O)c7cccc(Cl)c67)nn5)CC[C@]34C)[C@@H]1CCC2=O,,,
C[C@]12CC[C@H]3[C@@H](CC=C4C[C@@H](OC(=O)Cn5cc(COc6ccc(C(=O)/C=C/c7ccc([N+](=O)[O-])cc7)cc6)nn5)CC[C@]34C)[C@@H]1CCC2=O,,,
C[C@]12CC[C@H]3[C@@H](CC=C4C[C@@H](OC(=O)Cn5cc(Cn6cc(F)c(=O)n(Cc7cn(CC(=O)O[C@H]8CC[C@@]9(C)C(=CC[C@H]%10[C@@H]%11CCC(=O)[C@@]%11(C)CC[C@H]9%10)C8)nn7)c6=O)nn5)CC[C@]34C)[C@@H]1CCC2=O,,,
CC(Cn1ncc2c(Nc3cccc(O)c3)nc(NCCO)nc12)c1ccccc1,,,
COc1cccc(/C=C/c2cn(/C=C/c3ccc(O)c(OC)c3)nn2)c1,,,
COc1cc(/C=C/n2cc(/C=C/c3cc(OC)c(OC)c(OC)c3)nn2)ccc1O,,,
COc1cccc(/C=C/c2cn(/C=C/c3ccc(O)cc3)nn2)c1,,,
COc1cccc(/C=C/n2cc(/C=C/c3ccc(O)c(OC)c3)nn2)c1,,,
O=C(N/N=C/Nc1ccc(C(=O)O)c(O)c1)c1ccc(C(F)(F)F)cc1,,,
Cc1[nH]c2ccc(c3ccccc3)cc2c1CC(N)c1ccccc1,,,
Cc1c(CC(N)c2ccccc2)c2cc(F)ccc2n1Cc1ccccc1,,,
CSc1nc(Nc2cc(O)ccc2Cl)c2cnn(CC(C)c3ccccc3)c2n1,,,
C[C@@H](Oc1cc(c2cc[nH]c(=O)c2)cnc1N)c1c(Cl)ccc(F)c1Cl,,,
C[C@@H](Oc1cc(c2ccn(CCN(C)C)c(=O)c2)cnc1N)c1c(Cl)ccc(F)c1Cl,,,
COCCN1CCN(CCO/N=C\2/C(=C\3/C(=O)Nc4cc(Br)ccc34)/Nc3ccccc23)CC1,,,
Cc1c(C)c2ccc(OCC3CCCN(C)C3)cc2oc1=O,,,
C[C@@H]1CC[C@H]2[C@@H](C)[C@H](NCc3ccc(OC(F)(F)F)cc3)O[C@@H]3O[C@@]4(C)CC[C@@H]1[C@@]23OO4,,,
COc1cc(CNc2ccc(Nc3c4c(nc5ccccc35)CCCC4)cc2)ccc1O,,,
O=C(NCCN1CCOCC1)c1ccc(Cl)cc1,,,
CN(CCCNCc1ccc(Cl)cc1)Cc1ccccc1,,,
CN(CCCC(=O)Nc1ccc(Cl)cc1)Cc1ccccc1,,,
O=C(Nc1cnn(c2cccc(C(=O)NCC3CCNCC3)c2)c1)Nc1ccccc1Cl,,,
COc1cc(/C=C/C(=O)OCC2CCN(Cc3ccccc3)CC2)ccc1O,,,
C[C@@H]1CC[C@H]2[C@@H](C)[C@H](N3CCN(Cc4cccc(F)c4)CC3)O[C@@H]3O[C@@]4(C)CC[C@@H]1[C@@]23OO4,,,
C[C@@H]1CC[C@H]2[C@@H](C)C(=O)O[C@@H]3O[C@@]4(C)CC[C@@H]1[C@@]23OO4,,,
CC(C)[C@H](CO)Nc1nc(Nc2cccc(c3ccccn3)c2)c2ncn(C(C)C)c2n1,,,
CC[C@H](CO)Nc1nc(NCc2ccc(c3ccccn3)cc2)c2ncn(C(C)C)c2n1,,,
O=c1c(F)cn(Cc2cn(Cc3ccccc3Cl)nn2)c(=O)n1Cc1cn(Cc2ccccc2Cl)nn1,,,
CC[C@H](CO)Nc1nc(NCc2ccc(c3cccnc3)cc2)c2ncn(C(C)C)c2n1,,,
CC[C@H](CO)Nc1nc(NCc2cccc(c3cccnc3)c2)c2ncn(C(C)C)c2n1,,,
CC(C)[C@H](CO)Nc1nc(Nc2cccc(c3ccccc3)c2)c2ncn(C(C)C)c2n1,,,
CN(CCO/N=C\1/C(=C\2/C(=O)Nc3cc(Br)ccc23)/Nc2ccccc12)CC(O)CO,,,
O=C1Nc2cc(Br)ccc2/C/1=C\1/Nc2ccccc2/C1=N\OCCO,,,
CC(C)[C@H](CO)Nc1nc(Nc2cccc(c3cccnc3)c2)c2ncn(C(C)C)c2n1,,,
CC[C@H](CO)Nc1nc(NCc2cccc(c3ccccc3)c2)c2ncn(C(C)C)c2n1,,,
COc1cc(/C=C/2\CN(C(=O)CCC(=O)NCCCNCCCN)C/C(=C\c3ccc(O)c(OC)c3)/C2=O)ccc1O,,,
C[C@]12CC[C@H]3[C@@H](CC=C4C[C@@H](OC(=O)Cn5cc(CN6C(=O)C(=O)c7cc(F)ccc67)nn5)CC[C@]34C)[C@@H]1CCC2=O,,,
C[C@]12CC[C@H]3[C@@H](CC=C4C[C@@H](OC(=O)Cn5cc(CN6C(=O)C(=O)c7c(Br)cccc67)nn5)CC[C@]34C)[C@@H]1CCC2=O,,,
C[C@]12CC[C@H]3[C@@H](CC=C4C[C@@H](OC(=O)Cn5cc(COc6ccc(C(=O)/C=C/c7ccc(Cl)c(Cl)c7)cc6)nn5)CC[C@]34C)[C@@H]1CCC2=O,,,
O=C1NC(=O)/C(=C/c2cn(c3ccc([N+](=O)[O-])cc3)nc2c2ccc(Cl)cc2)/S1,,,
CC[C@H](CO)Nc1nc(Nc2cccc(c3ccccc3)c2)c2ncn(C(C)C)c2n1,,,
CC[C@H](CO)Nc1nc(Nc2ccccc2c2ccccc2)c2ncn(C(C)C)c2n1,,,
Cc1c(C)c2ccc(OCC3CCCN(Cc4cccc(Cl)c4)C3)cc2oc1=O,,,
C[C@]12CC[C@H]3[C@@H](CC=C4C[C@@H](OC(=O)Cn5cc(COc6ccc(Br)cc6)nn5)CC[C@]34C)[C@@H]1CCC2=O,,,
Cc1ccc(/C=C/C(=O)c2ccc(OCc3cn(CC(=O)O[C@H]4CC[C@@]5(C)C(=CC[C@H]6[C@@H]7CCC(=O)[C@@]7(C)CC[C@H]56)C4)nn3)cc2)cc1,,,
COc1nc(c2ccnc(NC(=O)C3CC3)c2)sc1C(=O)NCCCCCCNc1c2c(nc3ccccc13)CCCC2,,,
COc1cc2c(Nc3ccc(C#N)cc3)ncnc2cc1OCCCN1CCCCC1,,,
COc1cc2oc3c(OC)c(c4cc(CC=C(C)C)c(O)c(OC)c4)cc(OC)c3c2cc1O,,,
CN(Cc1ccnc(NC(=O)Nc2cccc3c2C2CCCCN2C3=O)c1)Cc1cn(CCNc2c3c(nc4ccccc24)CCCC3)nn1,,,
CC[C@H](CO)Nc1nc(Nc2cccc(c3ccccn3)c2)c2ncn(C(C)C)c2n1,,,
COc1cc2c(Nc3ccc(C#N)cc3)ncnc2cc1OCCCN1CCC(N2CCCCC2)CC1,,,
COc1cc2c(Nc3ccccc3C#N)ncnc2cc1OCCCN1CCN(C)CC1,,,
O=C(NCCN1CCOCC1)C1CCN(Cc2ccccc2)CC1,,,
O=C(NCCNc1cccc2ccccc12)C1CCN(Cc2ccccc2)CC1,,,
COC[C@H]1[C@@H]2C(=O)C[C@@H]3[C@@]([C@H](O)C[C@@H]4C(C)(C)[C@@H](OC(=O)C)CC[C@@]34C)([C@@H]2O)[C@@H]1O,,,
COc1ccc(c2coc3cc(OCCc4ccccc4)ccc3c2=O)cc1N(CCCl)CCCl,,,
C=C(C)COc1ccc2c(=O)c(c3ccc(OC)c(N(CCCl)CCCl)c3)coc2c1,,,
CCCCCCc1nc(c2ccc(CC(C)C)cc2)c[nH]1,,,
C[C@]12CC[C@H]3[C@@H](CC=C4C[C@@H](OC(=O)Cn5cc(CN6C(=O)C(=O)c7c(Cl)cccc67)nn5)CC[C@]34C)[C@@H]1CCC2=O,,,
COc1cc2c(cc1OC)C(=O)C(C(=O)OCC1CN(Cc3ccccc3)C1)C2,,,
Cc1c(C#Cc2cnc3cnc(c4ccc(N)cc4)cn23)cccc1C(=O)Nc1cc(CN2CCN(C)CC2)cc(C(C)C)c1,,,
COc1ccc(NCc2cn(CC(=O)O[C@H]3CC[C@@]4(C)C(=CC[C@H]5[C@@H]6CCC(=O)[C@@]6(C)CC[C@H]45)C3)nn2)cc1,,,
COc1cc(N2CCC(N)CC2)ccc1Nc1ncc(Cl)c(c2c[nH]c3ccccc23)n1,,,
O=C(Nc1cnn(c2cccc(C(=O)Nc3cnn(C4CCNC4)c3)c2)c1)Nc1ccccc1Cl,,,
COC(=O)[C@@H]1c2c(oc3cc(C)cc(OC)c3c2=O)C=C[C@H]1O,,,
COC(=O)[C@]1(Cc2ccc(O)c(CC=C(C)C)c2)OC(=O)C(=C1c1ccc(OC)cc1)O,,,
C/C(=C\Cc1c(O)ccc2c1C=C(CO)OC2)/CO,,,
O=C1C=C(NCCCNCc2cc3ccccc3o2)C(=O)C=C1NCCCNCc1cc2ccccc2o1,,,
COc1cc(/C=C/C(=O)/C=C/c2nc3c(C)c(C)ccc3n2C)ccc1O,,,
COc1ccc(/C=C/C(=O)/C=C/c2nc3cc([N+](=O)[O-])ccc3n2C)cc1O,,,
COc1cc(N2CCN(C)CC2)ccc1Nc1nc(N)n(C(=O)NCc2ccccc2S(=O)(=O)C(C)C)n1,,,
C=C1C(=O)[C@@]23[C@@H](C[C@H](O)[C@@H]1[C@H]2O)[C@]1(C)CC[C@H](O)C(C)(C)[C@H]1C[C@H]3O,,,
C=C1[C@@H]2C(=O)C[C@H]3[C@]4(C)[C@@H](O)C[C@H](OC(=O)C)C(C)(C)[C@H]4C[C@@H](O)[C@@]3([C@@H]1O)[C@@H]2O,,,
CC(=O)Nc1ccc(c2cnc(N)nc2c2c[nH]c3cc(Br)ccc23)cc1,,,
O=C(Nc1nccs1)C1CCN(Cc2ccccc2)CC1,,,
COc1ccccc1CNC(=O)C1CCN(Cc2ccccc2)CC1,,,
CC(=O)O[C@H]1CC[C@@]2(C)[C@@H](CC[C@]3(C)[C@@H]2CC=C2[C@@H]4[C@@H](C)[C@H](C)CC[C@]4(C(=O)N4CCN(CCO)CC4)CC[C@@]32C)C1(C)C,,,
C[C@@H]1[C@H]2C3=CC[C@@H]4[C@@]5(C)CC[C@H](O)C(C)(C)[C@@H]5CC[C@@]4(C)[C@]3(C)CC[C@@]2(C(=O)NCCO)CC[C@H]1C,,,
C/C=C\1/NC(=O)[C@H](CCO)NC(=O)C[C@@H](CCCCC)NC(=O)CNC(=O)[C@H](CC(C)C)NC(=O)[C@@H]([C@@H](C)CC)NC(=O)[C@H]([C@@H](C)CC)NC(=O)[C@@H](CC(C)C)NC(=O)[C@@H](Cc2ccccc2)NC(=O)[C@H](CCO)NC(=O)[C@@H]2C[C@@H](O)CN2C1=O,,,
O=C(N/N=C/Nc1ccc(C(=O)O)c(O)c1)c1cccc(C(F)(F)F)c1,,,
O=C(N/N=C/N1CCN(c2cc3c(cc2F)c(=O)c(C(=O)O)cn3C2CC2)CC1)c1ccc(C(F)(F)F)cc1,,,
CCCCCC[C@H](c1ccc(C(F)(F)F)nc1)N1CC[C@@H](CC(=O)[O-])C[C@H]1c1ccc(C(F)(F)F)cc1,,,
Nc1ncc(I)c(c2c[nH]c3c(N)cccc23)n1,,,
Nc1ncc(I)c(c2c[nH]c3cc(Br)ccc23)n1,,,
Nc1nccc(c2c[nH]c3ccc(Br)cc23)n1,,,
O=[N+]([O-])c1ccc(COc2ccc(Nc3ncnc4cc5c(cc34)OCCOCCO5)cc2)cc1,,,
COc1cc2c(Nc3ccc(C#N)cc3)ncnc2cc1OCCCN(C)CCO,,,
O=C(N/N=C/NC(=O)c1cnccn1)c1cccc(F)c1,,,
COc1ccc(/C=C/c2cn(/C=C/c3cccc(OC)c3)nn2)cc1,,,
NC(=O)c1cc[n+](C/C=C/C[n+]2cc(Cl)c(/C=N/O)c(Cl)c2)cc1,,,
C=C1C(=O)[C@@]23[C@@H]([C@@H](O)C[C@@H]1[C@H]2O)[C@]1(C)CCC[C@](C)(C=O)[C@H]1C[C@H]3O,,,
C=C1C(=O)[C@@]23[C@@H](C[C@H](O)[C@@H]1[C@H]2O)[C@]1(C)CCC[C@](C)(CO)[C@H]1C[C@H]3O,,,
CC(C)CCC[C@@H](C)[C@H]1CC[C@H]2[C@H]3[C@H](CC[C@]12C)[C@@]1(C)CC[C@H](O)CC1=C[C@@H]3O,,,
CCOC(=O)C1=C(CC)NC(=CC1c1ccccc1)c1ccccc1,,,
Cc1cc(NC(=O)c2cccc(n3cc(NC(=O)Nc4ccccc4Cl)cn3)c2)cc(C)n1,,,
O=C(Nc1cnn(c2cccc(C(=O)Nc3cnn(C4CCNCC4)c3)c2)c1)Nc1ccccc1Cl,,,
COc1cc(N2CCC(N3CCN(C)CC3)CC2)ccc1Nc1ncc(Cl)c(Nc2ccccc2S(=O)(=O)C(C)C)n1,,,
C[C@@H]1CC[C@H]2[C@@H](C)[C@H](N3CCN(c4ccc(C(F)(F)F)cc4)CC3)O[C@@H]3O[C@@]4(C)CC[C@@H]1[C@@]23OO4,,,
CO[C@@H](CC(=C1C(=O)NC(=C(C)C)C1=O)Nc1ccccc1)C[C@H](C)O,,,
O=C(NCCN1CCCC1)c1ccc(Cl)cc1,,,
CCOC(=O)[C@]12CC[C@@H](C)[C@H](C)[C@H]1C1=CC[C@@H]3[C@@]4(C)CC[C@H](O)C(C)(C)[C@@H]4CC[C@@]3(C)[C@]1(C)CC2,,,
CCCOC(=O)[C@]12CC[C@@H](C)[C@H](C)[C@H]1C1=CC[C@@H]3[C@@]4(C)CC[C@H](OC(=O)C)C(C)(C)[C@@H]4CC[C@@]3(C)[C@]1(C)CC2,,,
CCCCOC(=O)[C@]12CC[C@@H](C)[C@H](C)[C@H]1C1=CC[C@@H]3[C@@]4(C)CC[C@H](OC(=O)C)C(C)(C)[C@@H]4CC[C@@]3(C)[C@]1(C)CC2,,,
CC(=O)O[C@H]1CC[C@@]2(C)[C@@H](CC[C@]3(C)[C@@H]2CC=C2[C@@H]4[C@@H](C)[C@H](C)CC[C@]4(C(=O)N(CCO)CCO)CC[C@@]32C)C1(C)C,,,
CC(=O)O[C@@H]1[C@H]2[C@@H]3CC[C@H]([C@H](C)CCCC(C)C)[C@@]3(C)CC[C@@H]2[C@@]2(C)CC[C@H](O)C[C@]2(O)[C@@H]1OC(=O)C,,,
Cc1[nH]c2ccc(Br)cc2c1CC(N)c1cc(Cl)cc(Cl)c1,,,
COc1cc(N2CCN(C)CC2)ccc1Nc1nc(N)n(C(=O)NCc2c(Cl)cccc2Cl)n1,,,
Oc1ccc(Cl)c(Nc2ncnc3c2cnn3CC(Cl)c2ccccc2)c1,,,
CCOC(=O)c1csc(NC2=C(Cl)C(=O)c3ccccc3C2=O)n1,,,
CCCCC[C@H](O)CCCCCCCCCCCc1cc(O)cc(O)c1,,,
Cc1cc(=O)c(O)cc2c1C[C@H]1C[C@H](O)[C@@]3(C)Oc4cc(O)c(=O)cc(C)c4C[C@H]3CC(C)(C)/C=C/C[C@]1(C)O2,,,
CC1=CC(=O)O[C@]21C[C@H]1C[C@H](O)[C@@]3(C)Oc4cc(O)cc(C)c4C[C@H]3CC(C)(C)/C=C/C[C@]1(C)O/C/2=C\C(=O)O,,,
CN1C(=O)[C@]23O[C@]4(O)[C@@H](O)C(=O)N5C(C)(C)[C@H](Cc6cccc1c26)[C@H]3[C@]45O,,,
COC(=O)[C@@H]1c2c(oc3cc(CO)cc(OC)c3c2=O)C=C[C@H]1O,,,
Nc1nccc(c2c[nH]c3ncc(c4ccc(Cl)cc4)cc23)n1,,,
C[C@]12N[C@H](Cc3ccccc13)c1ccccc21,,,
COc1ccc(C)cc1NC(=O)c1cnn2c(C(F)F)cc(c3ccc(C)cc3)nc12,,,
CCc1cccc(NC(=O)c2cnn3c(C(F)F)cc(c4ccc(C)cc4)nc23)c1,,,
CCCSc1nnc(N2C(=O)C(=C(C(=O)c3ccco3)C2c2ccccc2F)O)s1,,,
O=C(Cn1cc(CNC2(c3ccccc3F)CCCC2)c2ccccc12)NC1CC1,,,
CCCCOC(=O)[C@]12CC[C@@H](C)[C@H](C)[C@H]1C1=CC[C@@H]3[C@@]4(C)CC[C@H](O)C(C)(C)[C@@H]4CC[C@@]3(C)[C@]1(C)CC2,,,
COC(=O)C(CO)NC(=O)[C@]12CC[C@@H](C)[C@H](C)[C@H]1C1=CC[C@@H]3[C@@]4(C)CC[C@H](OC(=O)C)C(C)(C)[C@@H]4CC[C@@]3(C)[C@]1(C)CC2,,,
COc1cc(c2cc(NC(=O)Nc3ccc(OCCCN4CCOCC4)cc3)cc(OC)c2OC)ccc1/C(=N/O)/C,,,
CC(=O)O[C@H]1CC[C@@]2(C)[C@@H](CC[C@]3(C)[C@@H]2CC=C2[C@@H]4[C@@H](C)[C@H](C)CC[C@]4(C(=O)N4CCN(CCOCCO)CC4)CC[C@@]32C)C1(C)C,,,
COc1cc2c(Nc3ccc(C#N)cc3)ncnc2cc1OCCCN1CCC(O)CC1,,,
COc1cc2c(Nc3ccccc3C#N)ncnc2cc1OCCCN1CCCC1,,,
CCN(CC)CCOc1cnc2-c3c(C(=O)c4c2c1ccc4)cccc3,,,
O=C1c2ccccc2-c2ncc(OCCN3CCCCC3)c3cccc1c23,,,
CCN(CC)CCOc1ccc2c3c(-c4ccccc4C2=O)nccc13,,,
Cc1ccc(C(=O)/C=C/C(=O)N(C2CC2)C(C(=O)NCc2ccccc2)c2ncc(C)cn2)cc1,,,
CC(C)CCC[C@@H](C)[C@H]1CC[C@H]2[C@@H]3C[C@@H](O)[C@@]4(O)C[C@@H](O)CC[C@]4(C)[C@H]3CC[C@]12C,,,
CCn1cc(C(=O)O)c(=O)c2cc(F)c(N3CCN(/C=N/NC(=O)c4cccc(F)c4)CC3)cc12,,,
O=[N+]([O-])c1ccc(NC(CO)CO)c([N+](=O)[O-])c1,,,
COc1cccc(C(=O)CC2(O)C(=O)Nc3ccc(Cl)cc23)c1,,,
COc1ccc(/C=C/C(=O)/C=C/c2nc3c(C)c(C)ccc3n2C)cc1O,,,
COc1ccc(/C=C/C(=O)OCC2CCN(Cc3ccc4c(c3)OCO4)CC2)cc1O,,,
COc1cccc(C(=O)Cn2c(=O)[nH]c3ccc(Cl)cc23)c1,,,
COc1ccc2c(c1CC=C(C)C)C=C(C)OC2,,,
COc1c(O)cc2c(c1CC=C(C)C)C[C@@H](C)OC2=O,,,
CC(=CCc1cc2c3c(c1)N(C)C(=O)[C@@]13O[C@]3(O)[C@@H](O)C(=O)N4C(C)(C)[C@H](C2)[C@H]1[C@]34O)C,,,
O=C1C(=C(Nc2nc(c3ccccc3)cs2)C(=O)c2ccccc12)Cl,,,
COc1cc(/C=C/C(=O)N2CCC=CC2=O)cc(OC)c1OC,,,
COc1cc(C(C(=O)NC(C)(C)C)N(CCC(C)C)C(=O)/C=C/C(=O)c2ccc(F)cc2)cc(OC)c1OC,,,
OB(O)/C=C/c1ccc(C(F)(F)F)cc1,,,
CCN(CC)CCCOc1ccc2c3c(-c4ccccc4C2=O)nccc13,,,
CN(C)CCCNc1ccc2c3c(-c4ccccc4C2=O)nccc13,,,
CCn1cc(C(=O)O)c(=O)c2cc(F)c(N3CCN(/C=N/NC(=O)c4ccc(C(F)(F)F)cc4)CC3)cc12,,,
COc1ccc(C(N)Cc2c(C)[nH]c3ccc(Br)cc23)cc1,,,
COc1cc(CNCCc2c(C)[nH]c3ccc(c4ccccc4)cc23)cc2c1OCO2,,,
Nc1ncc(I)c(c2c[nH]c3cccc(N)c23)n1,,,
Nc1ncc(I)c(c2c[nH]c3ccc([N+](=O)[O-])cc23)n1,,,
Nc1nccc(c2c[nH]c3ccccc23)n1,,,
Nc1nccc(c2c[nH]c3cc([N+](=O)[O-])ccc23)n1,,,
COc1cccc(c2cnc(N)nc2c2c[nH]c3ccc(Br)cc23)c1,,,
CC(=O)c1ccc(c2cnc(N)nc2c2c[nH]c3c(Br)cccc23)cc1,,,
Nc1ncc(I)c(c2c[nH]c3cccc(Br)c23)n1,,,
O=C(CCCCCCCCn1cc(c2cccnc2)nn1)NCC(c1ccccc1)c1ccccc1,,,
O=C(CCCCCCn1cc(c2cccnc2)nn1)Nc1ccccc1Cl,,,
O=C(CCCCCCn1cc(c2cccnc2)nn1)Oc1ccccc1c1ccccc1,,,
CC(C)[C@H](CO)Nc1nc(NCc2ccc(c3cccnc3)cc2)c2ncn(C(C)C)c2n1,,,
CC(C)[C@H](CO)Nc1nc(Nc2ccc(c3ccccc3)cc2)c2ncn(C(C)C)c2n1,,,
O=C(N/N=C/N1CCN(c2cc3c(cc2F)c(=O)c(C(=O)O)cn3C2CC2)CC1)c1ccc(F)cc1,,,
CC(=O)CC[C@H]1C(=O)[C@@]23[C@@H](C(=O)[C@H](O)[C@H]1[C@H]2O)[C@]1(C)CCC[C@](C)(CO)[C@H]1C[C@H]3O,,,
CN(CCCNC(=O)c1ccccc1Br)Cc1ccccc1,,,
CN(CCCNC(=O)c1ccc(C#N)cc1)Cc1ccccc1,,,
CN1CCN(CCCNC(=O)c2ccc(Cl)cc2)CC1,,,
CC[C@@H](CO)Nc1nc(NCc2cccnc2)c2ncn(C(C)C)c2n1,,,
CC[C@@H](CO)Nc1nc(NCc2ccccc2)c2ncn(C(C)C)c2n1,,,
Cc1cc(=O)oc2cc(OCc3cn(CC(=O)O[C@H]4CC[C@@]5(C)C(=CC[C@H]6[C@@H]7CCC(=O)[C@@]7(C)CC[C@H]56)C4)nn3)ccc12,,,
C[C@@H]1CC[C@H]2[C@@H](C)[C@H](N3CCN(C(=O)Nc4ccc(C(F)(F)F)cc4)CC3)O[C@@H]3O[C@@]4(C)CC[C@@H]1[C@@]23OO4,,,
CC(C)(O)CC[C@@H]1OC(C)(C)O[C@]1(C)[C@H]1CC=C2C3=CC(=O)[C@@H]4C[C@H]5OC(C)(C)O[C@H]5C[C@]4(C)[C@H]3CC[C@]12C,,,
c1cc2cc(c1)Nc1nccc(n1)Nc1cccc(c1)Nc1nccc(n1)N2,,,
c1ccc(COc2ccccc2Nc2ncnc3cc4c(cc23)OCCOCCOCCOCCO4)cc1,,,
O=[N+]([O-])c1ccc(COc2cccc(Nc3ncnc4cc5c(cc34)OCCOCCOCCOCCO5)c2)cc1,,,
COc1ccc2c3c1O[C@H]1C[C@@H](O)C=C[C@@]31CCN(CCCCCCNC13CC4CC(C)(CC(C)(C4)C1)C3)C2,,,
COc1cccc(/C=C/n2cc(/C=C/c3ccc(O)cc3)nn2)c1,,,
CC(C)n1cc(NC(=O)c2cccc(n3cc(NC(=O)Nc4ccccc4Cl)cn3)c2)cn1,,,
CSc1nc(Nc2cccc(O)c2)c2cnn(CC(C)c3ccccc3)c2n1,,,
Oc1cccc(Nc2nc(SCCN3CCOCC3)nc3c2cnn3CC(Cl)c2ccccc2)c1,,,
O=C(NCCc1c[nH]c2ccccc12)C1CCN(Cc2ccccc2)CC1,,,
CCOC(=O)Cn1ccc(c2cnc(N)c(O[C@H](C)c3c(Cl)ccc(F)c3Cl)c2)cc1=O,,,
C[C@@H]1CC[C@H]2[C@@](C)(C(=O)OCc3ccccc3COC(=O)[C@@]3(C)O[C@@H]4O[C@@]5(C)CC[C@H]6[C@H](C)CC[C@@H]3[C@@]46OO5)O[C@@H]3O[C@@]4(C)CC[C@@H]1[C@@]23OO4,,,
COc1cc(/C=C/C(=O)OCC2CCN(Cc3ccc([N+](=O)[O-])cc3)CC2)ccc1O,,,
COc1ccc(/C=C/C(=O)/C=C/c2nc3cc(Cl)ccc3n2C)cc1O,,,
C[C@@H]1[C@H]2C3=CC[C@@H]4[C@@]5(C)CC[C@H](O)C(C)(C)[C@@H]5CC[C@@]4(C)[C@]3(C)CC[C@@]2(C(=O)NC(Cc2ccc(O)cc2)C(=O)O)CC[C@H]1C,,,
O=C(CN1CCC(Cc2ccccc2)CC1)c1ccc2ccccc2c1,,,
COc1ccc2c3c1O[C@H]1C[C@@H](O)C=C[C@@]31CCN(CCOCCOCCNC13CC4CC(C)(CC(C)(C4)C1)C3)C2,,,
O=C1c2ccccc2-c2nccc3c(OCCN4CCCCC4)ccc1c23,,,
COc1ccccc1CNCCCN1C(=O)c2ccc3c4c(ccc(c24)C1=O)C(=O)N(CCCNCc1ccccc1OC)C3=O,,,
CC(C)[C@H](CO)Nc1nc(NCc2ccc(c3ccccn3)cc2)c2ncn(C(C)C)c2n1,,,
CC[C@@H](CO)Nc1nc(NCc2ccccn2)c2ncn(C(C)C)c2n1,,,
COc1cc2c(Nc3ccc(C#N)cc3)ncnc2cc1OCCCN1CCN(CCO)CC1,,,
C=C1C(=O)[C@@]23[C@@H]([C@@H](O)[C@H](O)[C@@H]1[C@H]2O)[C@]1(C)CCCC(C)(C)[C@H]1C[C@H]3O,,,
C=C1C(=O)[C@@]23[C@@H](C(=O)[C@H](O)[C@@H]1[C@H]2O)[C@]1(C)CCCC(C)(C)[C@H]1C[C@H]3O,,,
COc1ccc(/C=C/C(=O)/C=C/c2nc3ccccc3n2C)cc1O,,,
C[C@@H]1CC[C@H]2[C@@](C)(C(=O)OCCCCCCCCCOC(=O)[C@@]3(C)O[C@@H]4O[C@@]5(C)CC[C@H]6[C@H](C)CC[C@@H]3[C@@]46OO5)O[C@@H]3O[C@@]4(C)CC[C@@H]1[C@@]23OO4,,,
C[C@@H]1CC[C@H]2[C@@](C)(C(=O)OCCCCCCCCCCCCOC(=O)[C@@]3(C)O[C@@H]4O[C@@]5(C)CC[C@H]6[C@H](C)CC[C@@H]3[C@@]46OO5)O[C@@H]3O[C@@]4(C)CC[C@@H]1[C@@]23OO4,,,
Cc1ccc2[nH]c(C)c(CC(N)c3ccccc3)c2c1,,,
Cc1[nH]c2ccc(F)cc2c1CC(NCc1ccccc1)c1ccccc1,,,
COc1ccc(c2cscc2c2cc(OC)c(OC)c(OC)c2)cc1O,,,
COc1ccc(c2ccoc2c2cc(OC)c(OC)c(OC)c2)cc1O,,,
COc1ccc(C2=C(c3cc(OC)c(OC)c(OC)c3)CCC2)cc1O,,,
COc1cccc(c2cnc(N)nc2c2c[nH]c3cc(Br)ccc23)c1,,,
CC[C@H](CO)Nc1nc(Nc2cccc(c3cccnc3)c2)c2ncn(C(C)C)c2n1,,,
CC(C)n1cnc2c(Nc3cccc(c4ccccn4)c3)nc(NC(C)(C)CO)nc12,,,
CC[C@H](CO)Nc1nc(NCc2ccc(c3ccccc3)cc2)c2ncn(C(C)C)c2n1,,,
CCOc1cc(/C=C/2\CN(C(=O)CCC(=O)NCCCNCCCN)C/C(=C\c3ccc(O)c(OCC)c3)/C2=O)ccc1O,,,
O=C(O)Cc1ccc(c2ccc(C(F)(F)F)cc2)c(c2ccc(C(F)(F)F)cc2)c1,,,
C[C@@H]1CC[C@H]2[C@@](C)(C(=O)NCCCCNC(=O)[C@@]3(C)O[C@@H]4O[C@@]5(C)CC[C@H]6[C@H](C)CC[C@@H]3[C@@]46OO5)O[C@@H]3O[C@@]4(C)CC[C@@H]1[C@@]23OO4,,,
C[C@@H]1CC[C@H]2[C@@](C)(/C=C\COP(=O)(OC/C=C/[C@@]3(C)O[C@@H]4O[C@@]5(C)CC[C@H]6[C@H](C)CC[C@@H]3[C@@]46OO5)Oc3ccccc3)O[C@@H]3O[C@@]4(C)CC[C@@H]1[C@@]23OO4,,,
C[C@@H]1CC[C@H]2[C@@H](C)[C@@H](O)O[C@@H]3O[C@@]4(C)CC[C@@H]1[C@@]23OO4,,,
C[C@@H]1CC[C@H]2[C@@H](O)[C@H](OC(=O)CCC(=O)O[C@@H]3O[C@@H]4O[C@@]5(C)CC[C@H]6[C@H](C)CC[C@@H]([C@H]3O)[C@@]46OO5)O[C@@H]3O[C@@]4(C)CC[C@@H]1[C@@]23OO4,,,
C[C@@H]1CC[C@H]2[C@@](C)(C(=O)OCC(C)(C)COC(=O)[C@@]3(C)O[C@@H]4O[C@@]5(C)CC[C@H]6[C@H](C)CC[C@@H]3[C@@]46OO5)O[C@@H]3O[C@@]4(C)CC[C@@H]1[C@@]23OO4,,,
O=C(CCCCCCn1cc(c2cccnc2)nn1)NCC(c1ccccc1)c1ccccc1,,,
COc1cc2c(-c3nc(NC(=O)C4CCN(Cc5ccccc5)CC4)sc3C2)cc1OC,,,
O=C(NCc1ccncc1)C1CCN(Cc2ccccc2)CC1,,,
Cc1cc([C@@H]2C[C@@H]3CC[C@H]2C3)n(O)c(=O)c1,,,
C[C@@H]1CC[C@H]2[C@@](C)(C(=O)NCCCCCCNC(=O)[C@@]3(C)O[C@@H]4O[C@@]5(C)CC[C@H]6[C@H](C)CC[C@@H]3[C@@]46OO5)O[C@@H]3O[C@@]4(C)CC[C@@H]1[C@@]23OO4,,,
COc1ncc(c2cc(O[C@@H]3CCOC3)c3nc(N)nc(C)c3c2)cc1NS(=O)(=O)c1ccc(F)cc1F,,,
COc1cc2c(Nc3ccc(C#N)cc3)ncnc2cc1OCCCN(C)C,,,
COc1cc2c(Nc3ccc(C#N)cc3)ncnc2cc1OCCCN1CCCCC1CCO,,,
CC(Cn1ncc2c(Nc3cc(O)ccc3Cl)nc(NCCO)nc12)c1ccccc1,,,
O=C1NC(=O)/C(=C/c2cn(c3ccccc3)nc2c2ccccc2)/S1,,,
C=CCN1C(=O)S/C(=C\c2cn(c3ccccc3)nc2c2ccc(Cl)cc2)/C1=O,,,
COc1cc2c(Nc3ccc(C#N)cc3)ncnc2cc1OCCCN1CCCC1,,,
C=C1C(=O)[C@@]23CC[C@@H]4C(C)(C)CC[C@H](O)[C@@]4(C)[C@@H]2[C@@H](O)C[C@@H]1[C@H]3O,,,
C=C1C(=O)[C@@]23[C@@H]([C@@H](O)C[C@@H]1[C@H]2O)[C@]1(C)[C@@H](O)CCC(C)(C)[C@H]1C[C@H]3O,,,
C=C1C(=O)[C@@]23[C@@H](C(=O)[C@H](O)[C@@H]1[C@H]2O)[C@]1(C)CCC[C@](C)(CO)[C@H]1C[C@H]3O,,,
CCSCc1ccc2c(c1)c1c3c(c4c5cc(CSCC)ccc5n5c4c1n2[C@H]1C[C@](O)(C(=O)OC)[C@]5(C)O1)CNC3=O,,,
FC(F)(F)c1ccc(COc2ccccc2Nc2ncnc3cc4c(cc23)OCCOCCOCCO4)cc1,,,
O=[N+]([O-])c1ccc(COc2ccc(Nc3ncnc4cc5c(cc34)OCCOCCOCCOCCO5)cc2)cc1,,,
O=C(NCc1ccccn1)C1CCN(Cc2ccccc2)CC1,,,
c1ccc(COc2cccc(Nc3ncnc4cc5c(cc34)OCCOCCO5)c2)cc1,,,
FC(F)(F)c1ccc(COc2ccc(Nc3ncnc4cc5c(cc34)OCCOCCOCCOCCO5)cc2)cc1,,,
CCCCOc1ccc2c(=O)c(c3ccc(OC)c(N(CCCl)CCCl)c3)coc2c1,,,
COc1cc(/C=C/C(=O)/C=C/c2nc3cc(C)ccc3n2C)ccc1O,,,
C[C@@H](Oc1cc(c2ccn(C)c(=O)c2)cnc1N)c1c(Cl)ccc(F)c1Cl,,,
CCn1ccc(c2cnc(N)c(O[C@H](C)c3c(Cl)ccc(F)c3Cl)c2)cc1=O,,,
COc1ccc(C(CO)C(O)CO)c2oc3c(O)c(O)cc(O)c3c(=O)c12,,,
C[C@@H]1CC[C@H]2[C@@](C)(C(=O)OCCCCCCCCOC(=O)[C@@]3(C)O[C@@H]4O[C@@]5(C)CC[C@H]6[C@H](C)CC[C@@H]3[C@@]46OO5)O[C@@H]3O[C@@]4(C)CC[C@@H]1[C@@]23OO4,,,
O=C(CCN1CCOCC1)Nc1cc(c2ccco2)c2oc(c3ccco3)nc2c1,,,
CC(Cn1ncc2c(Nc3cc(O)ccc3Cl)nc(SCCN3CCOCC3)nc12)c1ccccc1,,,
Cc1cnc2nc1Nc1cc(cc(C(F)(F)F)c1)Nc1ncc(C)c(n1)Nc1cc(cc(C(F)(F)F)c1)N2,,,
Fc1cnc2nc1Nc1cc(cc(C(F)(F)F)c1)Nc1ncc(F)c(n1)Nc1cc(cc(C(F)(F)F)c1)N2,,,
CN(C)CCOc1cnc2-c3c(C(=O)c4c2c1ccc4)cccc3,,,
C[N+](C)(C)CCC(=O)Nc1ccc2-c3nccc4cccc(C(=O)c2c1)c34,,,
C[C@@H]1CC[C@H]2[C@@H](C)[C@H](N3CCN(c4cccc(C(F)(F)F)c4)CC3)O[C@@H]3O[C@@]4(C)CC[C@@H]1[C@@]23OO4,,,
COc1cc(CCc2cc(OC)c(O)c(OC)c2)ccc1O,,,
COc1cc(/C=C/C(=O)/C=C/c2nc3cc(Cl)ccc3n2C)ccc1O,,,
COc1cc([C@@H]2c3cc4c(cc3[C@@H](Nc3nnc(C)o3)[C@H]3COC(=O)[C@H]23)OCO4)cc(OC)c1OC,,,
COc1cc2c(cc1OC)C(=O)/C(=C/C1CN(Cc3ccccc3)C1)/C2,,,
COc1cc2c(cc1OC)C(=O)C(OC(=O)C1CCN(Cc3ccccc3)CC1)C2,,,
COc1cc2c(cc1OC)C(=O)C(C(=O)C1CCN(Cc3ccccc3)CC1)C2,,,
CC1=C2CC[C@@](C)(O)[C@@H]2[C@H]2OC(=O)[C@@H](CN(C)C)[C@@H]2CC1,,,
O=C1C(=C(Nc2nc(c3ccc(Cl)cc3)cs2)C(=O)c2ccccc12)Cl,,,
O=C(Nc1cc(COCc2cn(CCNc3c4c(nc5ccccc35)CCCC4)nn2)ccn1)Nc1cccc2c1C1CCCCN1C2=O,,,
CN(CCCNC(=O)c1cc(Cl)cc(Cl)c1)Cc1ccccc1,,,
Nc1nccc(c2c[nH]c3ncc(c4ccc(F)cc4)cc23)n1,,,
O=C(N/N=C/c1ccc(F)cc1)c1ccc(CN2CCCC(O)C2)cc1,,,
Nc1ccc2c(c3nc(N)ncc3I)c[nH]c2c1,,,
CC(=O)Nc1ccc(c2cnc(N)nc2c2c[nH]c3ccc(Br)cc23)cc1,,,
c1ccc(COc2ccccc2Nc2ncnc3cc4c(cc23)OCCOCCOCCO4)cc1,,,
Nc1nccc(c2c[nH]c3ncc(c4ccoc4)cc23)n1,,,
COc1cc(c2cc(NC(=O)Nc3ccc(OCCCN4CCOCC4)cc3C)cc(OC)c2OC)ccc1/C(=N/O)/C,,,
CCN(CC)CCOc1ccc(NC(=O)Nc2cc(OC)c(OC)c(c3ccc(/C(=N/O)/C)c(OC)c3)c2)cc1,,,
CN(CCCNC(=O)c1ccc(C(F)(F)F)cc1)Cc1ccccc1,,,
CN(CCCNC(=O)c1ccc(F)cc1)Cc1ccccc1,,,
CN(CCNC(=O)c1cccc(Cl)c1Cl)Cc1ccccc1,,,
CN(CCCNC(=O)c1cccc(N(C)C)c1)Cc1ccccc1,,,
CN(CCCNS(=O)(=O)c1ccc(Cl)cc1)Cc1ccccc1,,,
FC(F)(F)c1cc2cc(c1)Nc1nc(ncc1Cl)Nc1cc(cc(C(F)(F)F)c1)Nc1nc(ncc1Cl)N2,,,
O=C(CCN1CCCCC1)Nc1cc(c2ccco2)c2oc(c3ccco3)nc2c1,,,
C=C(C)[C@@H]1CCC(=C[C@H]1c1c(O)cc(CCC)cc1O)C,,,
CCCc1cc(O)c2c(c1)OC(C)(C)[C@@H]1CCC(=C[C@@H]21)C,,,
CCCCCc1cc(O)c2c(c1)OC(C)(CCC=C(C)C)C=C2,,,
CC[C@H](C)[C@H]1C(=O)N[C@H](Cc2cc(Cl)c(O)c(Cl)c2)C(=O)N[C@@H](C(C)(C)O)C(=O)O[C@H](c2ccccc2)[C@H](C)/C=C/C=C(\C)/[C@H](OC)C[C@@H]2O[C@@]2(C)C(=O)N1C,,,
c1ccc(COc2ccc(Nc3ncnc4cc5c(cc34)OCCOCCOCCO5)cc2)cc1,,,
Cc1n[nH]c(O)c1C(c1cccc(OCc2ccc(F)cc2)c1)c1c(O)n[nH]c1C,,,
COc1ccc(c2nc3ccccc3c3nnc(SCc4ncc(C)c(OC)c4C)n23)cc1,,,
Cc1cccc(n2ccnc2SCC(=O)c2ccc3c(c2)CCC(=O)N3)c1,,,
Cc1cccc(c2nnc(SCC(=O)c3ccc(O)cc3O)n2c2ccccc2)c1,,,
COc1ccc(n2c(SCC(=O)c3ccc(OC(F)F)cc3)nc3ccccc23)cc1,,,
COc1cc2c(cc1OC)C(=O)/C(=C/C1CCN(Cc3ccccc3)C1)/C2,,,
COc1cc2c(cc1OC)C(=O)C(CC1CCN1Cc1ccccc1)C2,,,
C[C@@H]1CC[C@H]2[C@@](C)(C(=O)Nc3ccc(NC(=O)[C@@]4(C)O[C@@H]5O[C@@]6(C)CC[C@H]7[C@H](C)CC[C@@H]4[C@@]57OO6)cc3)O[C@@H]3O[C@@]4(C)CC[C@@H]1[C@@]23OO4,,,
CC1=CCC2[C@@H]1[C@H]1OC(=O)[C@@H](C)[C@@H]1C[C@]1(C)O[C@H]21,,,
COc1ccccc1C(C(=O)NC1CCCCC1)N(C(=O)/C=C/C(=O)c1ccc(C)cc1)C1CCCCC1,,,
COc1c(c2ccccc2)cc(OC)c2c1oc1cc(O)c(OCC=C(C)C)cc21,,,
CCOC(=O)N1CCN([C@@H]2O[C@@H]3O[C@@]4(C)CC[C@H]5[C@H](C)CC[C@@H]([C@H]2C)[C@@]35OO4)CC1,,,
COc1cc(Nc2ncnc(Nc3ccc(C(=N)N)cc3)c2[N+](=O)[O-])cc(OC)c1OC,,,
C[C@]12CC[C@H]3[C@@H](CC=C4C[C@@H](OC(=O)Cn5cc(CN6C(=O)C(=O)c7ccccc67)nn5)CC[C@]34C)[C@@H]1CCC2=O,,,
COc1cc2c(cc1OC)C(=O)/C(=C/C1CCCN1Cc1ccccc1)/C2,,,
Cc1cc(Nc2ncc3ncc(=O)n(c4ccc(N)cc4)c3n2)ccc1N1CCN(C)CC1,,,
C[C@]12CC[C@H]3[C@@H](CC=C4C[C@@H](OC(=O)Cn5cc(COc6ccc(/C=C/C(=O)c7ccc(F)cc7)cc6)nn5)CC[C@]34C)[C@@H]1CCC2=O,,,
C[C@]12CC[C@H]3[C@@H](CC=C4C[C@@H](OC(=O)Cn5cc(CNc6ccc(Br)cc6)nn5)CC[C@]34C)[C@@H]1CCC2=O,,,
FC(F)(F)c1ccc(COc2cccc(Nc3ncnc4cc5c(cc34)OCCOCCO5)c2)cc1,,,
O=C(N/N=C/c1ccc(Cl)cc1)c1ccc(CN2CCCC(O)C2)cc1,,,
O=C(O)c1sc(c2ccnc(NC(=O)C3CC3)c2)nc1OCCNc1c2c(nc3ccccc13)CCCC2,,,
COc1nc(c2ccnc(NC(=O)C3CC3)c2)sc1C(=O)NCCNc1c2c(nc3cc(Cl)ccc13)CCCC2,,,
COc1cc2c(Nc3ccc(C#N)cc3)ncnc2cc1OCCCN1CCC(c2ccccc2)CC1,,,
COc1cc2c(Nc3ccc(C#N)cc3)ncnc2cc1OCCCN1CCC(N(C)C)CC1,,,
COc1cc2c(Nc3cccc(C#N)c3)ncnc2cc1OCCCN1CCC(C)CC1,,,
O=C(NC1CCCc2ccccc12)C1CCN(Cc2ccccc2)CC1,,,
COc1ccccc1OCCNCC1COC(c2ccccc2)(c2ccccc2)OC1,,,
O=[N+]([O-])c1ccc(COc2ccccc2Nc2ncnc3cc4c(cc23)OCCOCCO4)cc1,,,
FC(F)(F)c1ccc(COc2ccccc2Nc2ncnc3cc4c(cc23)OCCOCCO4)cc1,,,
FC(F)(F)c1ccc(COc2ccc(Nc3ncnc4cc5c(cc34)OCCOCCO5)cc2)cc1,,,
COc1c(c2ccccc2)cc(OC)c2c1oc1c3c(c(O)cc21)OC(C)(C)C=C3,,,
COc1cc(c2c(OC)cc(c3ccccc3)c(OC)c2O)ccc1OC/C=C(\C)/CO,,,
O=[N+]([O-])c1ccccc1NC(CCl)CCl,,,
O=[N+]([O-])c1ccc(NC(CCl)CCl)c([N+](=O)[O-])c1,,,
O=[N+]([O-])c1cc(C(F)(F)F)ccc1NC(CCl)CCl,,,
Cc1cc(NC(=O)c2cccc(n3cc(NC(=O)Nc4ccccc4Cl)cn3)c2)ccn1,,,
COc1cccc(/C=C/n2cc(/C=C/c3ccc(O)c(O)c3)nn2)c1,,,
CC(Cn1ncc2c(Nc3cc(O)ccc3Cl)nc(NCCN)nc12)c1ccccc1,,,
COc1cc2oc3c(OC)c(c4cc(CC=C(C)C)c(O)c(OC)c4)cc(OC)c3c2cc1OC,,,
COc1ccc(c2c(OC)cc(c3ccc(O)c(CC=C(C)C)c3)c(OC)c2O)cc1OC,,,
CCCCC[C@H]1OC(=O)[C@H]([C@@H](C)CC)N(C)C(=O)[C@@H]2CCCN2C(=O)[C@H](Cc2ccccc2)OC(=O)[C@H](C(C)C)N(C)C(=O)[C@H](C(C)C)NC(=O)[C@H]1C,,,
CCCCc1ccc(C(=O)NCCCN(C)Cc2ccccc2)cc1,,,
O=C1c2ccccc2-c2ncc(OCCN3CCCC3)c3cccc1c23,,,
C[N+]1(CCOc2cnc3-c4c(C(=O)c5c3c2ccc5)cccc4)CCCC1,,,
C[C@@H]1CC[C@H]2[C@@](C)(C(=O)O)O[C@@H]3O[C@@]4(C)CC[C@@H]1[C@@]23OO4,,,
Fc1cnc2nc1Nc1cc(cc(C(F)(F)F)c1)Nc1ncc(Cl)c(n1)Nc1cc(cc(C(F)(F)F)c1)N2,,,
Cc1cnc2nc1Nc1cccc(c1)Nc1ncc(C)c(n1)Nc1cccc(c1)N2,,,
c1cc2nc(n1)Nc1cc(cc(N3CCCC3)c1)Nc1ccnc(n1)Nc1cc(cc(N3CCCC3)c1)N2,,,
CCCCC[C@@H](CCCCCCCCCCCc1cc(O)cc(O)c1Cc1c(O)c(C)cc(C(=O)C)c1O)OS(=O)(=O)O,,,
CCCCC[C@@H](CCCCCCCCCCCc1cc(O)cc(O)c1C(=O)O)OS(=O)(=O)O,,,
Cc1ccc(n2c(SCC(=O)N3CC(=O)Nc4ccccc34)nnc2c2cccc(C)c2)cc1,,,
CCOC(=O)c1c(NC(=O)C2=C(C)N=C(S)NC2c2ccc(CC)cc2)sc(C)c1C,,,
O=[N+]([O-])c1cc(C(F)(F)F)ccc1NC(CO)CO,,,
O=C1C(=C(Nc2nc(c3ccc(F)cc3)cs2)C(=O)c2ccccc12)Cl,,,
C[C@@H]1CC[C@H]2[C@@](C)(C(=O)OCCCCOC(=O)[C@@]3(C)O[C@@H]4O[C@@]5(C)CC[C@H]6[C@H](C)CC[C@@H]3[C@@]46OO5)O[C@@H]3O[C@@]4(C)CC[C@@H]1[C@@]23OO4,,,
Nc1ncc(c2ccncc2)cc1/N=C/c1ccnc(NC(=O)C2CC2)c1,,,
Cc1[nH]c2ccccc2c1CC(N)c1ccccc1,,,
COc1ccc2nc3c(c(NCCCNC(=O)c4sc(c5ccnc(NC(=O)C6CC6)c5)nc4OC)c2c1)CCCC3,,,
COc1cccc(C(=O)/C=C/2\C(=O)Nc3ccc(Cl)cc23)c1,,,
CO[C@H](CC(=C1C(=O)NC(=C(C)C)C1=O)Nc1ccccc1)C[C@H](C)O,,,
CCCc1ccc(C(=O)NCCCN(C)Cc2ccccc2)cc1,,,
CN(CCCNC(=O)c1ccccc1Cl)Cc1ccccc1,,,
CN(CCCNC(=O)c1ccc(Br)cc1)Cc1ccccc1,,,
CN(CCCNC(=O)c1ccc(Cl)c(Cl)c1)Cc1ccccc1,,,
CN(CCNC(=O)c1ccc([N+](=O)[O-])cc1)Cc1ccccc1,,,
CN(CCCNC(=O)c1ccc(Cl)cc1)CCc1ccccc1,,,
O=C(NCCCN1Cc2ccccc2C1)c1ccc(Cl)cc1,,,
C[C@@H]1CC[C@H]2[C@@](C)(C(=O)OCCCCCCOC(=O)[C@@]3(C)O[C@@H]4O[C@@]5(C)CC[C@H]6[C@H](C)CC[C@@H]3[C@@]46OO5)O[C@@H]3O[C@@]4(C)CC[C@@H]1[C@@]23OO4,,,
c1ccc(COc2ccc(Nc3ncnc4cc5c(cc34)OCCOCCO5)cc2)cc1,,,
FC(F)(F)c1ccc(COc2cccc(Nc3ncnc4cc5c(cc34)OCCOCCOCCO5)c2)cc1,,,
COc1cc(/C=C/c2cn(/C=C/c3ccc(O)cc3)nn2)cc(OC)c1OC,,,
COc1cc2c(cc1OC)C(=O)/C(=C/C1CCN(Cc3ccccc3)CC1)/C2,,,
COc1ccc2c(c1)C/C(=C/c1ccccc1c1ccccc1)/C2=O,,,
C[C@@H]1CC[C@H]2[C@@](C)(C(=O)NCCCCCCCCNC(=O)[C@@]3(C)O[C@@H]4O[C@@]5(C)CC[C@H]6[C@H](C)CC[C@@H]3[C@@]46OO5)O[C@@H]3O[C@@]4(C)CC[C@@H]1[C@@]23OO4,,,
COc1nc(c2ccnc(NC(=O)C3CC3)c2)sc1C(=O)NCCCNc1c2c(nc3cc(Cl)ccc13)CCCC2,,,
O=C(Nc1cc(c2cn(CCNc3c4c(nc5ccccc35)CCCC4)nn2)ccn1)Nc1cccc2c1C1CCCCN1C2=O,,,
O=[N+]([O-])c1ccc(NC(CO)CO)cc1,,,
Cc1c(CC(N)c2ccccc2)c2cc(c3ccccc3)ccc2n1Cc1ccccc1,,,
CC(C)(C)NC(=O)C(c1ccc(F)cc1)N(C(=O)/C=C/C(=O)c1ccc(F)cc1)C1CC1,,,
CN(CCOC(=O)/C=C/C(=O)c1ccc(F)cc1)C(C(=O)NC(C)(C)C)c1ccc(F)cc1,,,
O=C(NCCCN1CCCC1)c1ccc(Cl)cc1,,,
Fc1cnc2nc1Nc1cccc(c1)Nc1ncc(Cl)c(n1)Nc1cccc(c1)N2,,,
Cc1cnc2nc1Nc1cc(cc(N3CCOCC3)c1)Nc1ncc(C)c(n1)Nc1cc(cc(N3CCOCC3)c1)N2,,,
CC(=C1NC(=O)C(=C(C[C@H](C[C@H](C)O)Nc2ccccc2)Nc2ccccc2)C1=O)C,,,
Clc1cnc2nc1Nc1cccc(c1)Nc1ncc(Cl)c(n1)Nc1cccc(c1)N2,,,
COc1cnc2nc1Nc1cc(cc(N3CCOCC3)c1)Nc1ncc(OC)c(n1)Nc1cc(cc(N3CCOCC3)c1)N2,,,
COc1cnc2nc1Nc1cc(cc(C(F)(F)F)c1)Nc1ncc(OC)c(n1)Nc1cc(cc(C(F)(F)F)c1)N2,,,
COc1cnc2nc1Nc1cccc(c1)Nc1ncc(OC)c(n1)Nc1cccc(c1)N2,,,
Cc1cnc2nc1Nc1cc(cc(N3CCCC3)c1)Nc1ncc(C)c(n1)Nc1cc(cc(N3CCCC3)c1)N2,,,
Fc1cnc2nc1Nc1cccc(c1)Nc1ncc(F)c(n1)Nc1cccc(c1)N2,,,
Nc1nccc(c2cn(C(=O)c3ccccc3)c3ccc(Br)cc23)n1,,,
CCOC(=O)C1CCN(CCCOc2cc3ncnc(Nc4ccc(C#N)cc4)c3cc2OC)CC1,,,
COc1cc2c(Nc3ccc(C#N)cc3)ncnc2cc1OCCCN1CCOCC1,,,
CC(Cn1ncc2c(Nc3cc(O)ccc3Cl)ncnc12)c1ccccc1,,,
N=C(N)NCCC[C@H](NC(=O)[C@H](CCCNC(=N)N)NC(=O)[C@H](CCCNC(=N)N)NC(=O)[C@H](CCCNC(=N)N)NC(=O)[C@H](CCCNC(=N)N)NC(=O)[C@H](CCCNC(=N)N)NC(=O)[C@H](CCCNC(=N)N)NC(=O)CNC(=O)CNC(=O)[C@H](Cc1c[nH]c2ccccc12)NC(=O)[C@H](CCCNC(=N)N)NC(=O)[C@H](Cc1c[nH]c2ccccc12)NC(=O)[C@H](CCCNC(=N)N)NC(=O)[C@@H](N)Cc1c[nH]c2ccccc12)C(=O)N,,,
CCOC(=O)c1sc(c2ccnc(NC(=O)C3CC3)c2)nc1OCCNc1c2c(nc3ccccc13)CCCC2,,,
COc1cccc(/C=C/n2cc(/C=C/c3cc(OC)c(OC)c(OC)c3)nn2)c1,,,
CN(Cc1ccccc1)Cc1ccc(/C=C/2\Cc3ccc(OCCCCCN4CCCCC4)cc3C2=O)cc1,,,
CN(CCCNC(=O)c1cccc(Cl)c1)Cc1ccccc1,,,
COc1ccc(c2ccccc2/C=C\2/Cc3cc(OC)ccc3C2=O)cc1,,,
N#Cc1ccc(Nc2ncnc(Nc3ccc(C(=N)N)cc3)c2[N+](=O)[O-])cc1,,,
Cc1c(CCN)c2cc(F)ccc2n1Cc1ccccc1,,,
CN(CCCNC(=O)c1ccc(C(C)(C)C)cc1)Cc1ccccc1,,,
O=[N+]([O-])c1ccc(COc2ccccc2Nc2ncnc3cc4c(cc23)OCCOCCOCCO4)cc1,,,
c1ccc(COc2ccc(Nc3ncnc4cc5c(cc34)OCCOCCOCCOCCO5)cc2)cc1,,,
CC(=O)N[C@H]1CCc2cc(c(c(c2-c2ccc(c(=O)cc12)OC)OC)OC)OC,,,
C[C@H]1[C@H]([C@H](C[C@@H](O1)O[C@H]1C[C@@](Cc2c1c(c1c(c2O)C(=O)c2c(C1=O)c(ccc2)OC)O)(C(=O)C)O)N)O,,,
C[C@@H]1[C@H]([C@H](C[C@@H](O1)O[C@@H]1[C@H](O[C@H](C[C@@H]1O)O[C@@H]1[C@H](O[C@H](C[C@@H]1O)O[C@H]1CC[C@]2([C@@H](C1)CC[C@@H]1[C@@H]2C[C@H]([C@]2([C@@]1(CC[C@@H]2C1=CC(=O)OC1)O)C)O)C)C)C)O)O,,,
CN(C)C(=S)SSC(=S)N(C)C,,,
C[C@H]1C[C@@H](C(=O)[C@@H](C1)[C@@H](CC1CC(=O)NC(=O)C1)O)C,,,
CN(C)c1ccc(cc1)C(=C1C=CC(=[N+](C)C)C=C1)c1ccccc1,,,
CC(=O)O[Hg]c1ccccc1,,,
[Cl-],,,
C1C(O1)COc1cc(ccc1)OCC1CO1,,,
c1cc[n+](c(c1)[S-])[O-],,,
[O-][Cr](=O)(=O)O[Cr](=O)(=O)[O-],,,
C1C(O1)Cn1c(=O)n(c(=O)n(c1=O)CC1CO1)CC1CO1,,,
CN(C)C(=S)[S-],,,
C1C=CCC2C1C(=O)N(C2=O)SC(Cl)(Cl)Cl,,,
C(SC#N)SC#N,,,
c1cc(c(cc1Cl)Cl)C(=O)CCl,,,
CN(C)c1ccc(cc1)N=O,,,
Cc1c(cccc1O)C(=O)N[C@@H](CSc1ccccc1)[C@@H](CN1C[C@H]2CCCC[C@H]2C[C@H]1C(=O)NC(C)(C)C)O,,,
CN(C)c1ccc(cc1)C(=C1C=CC(=[N+](C)C)C=C1)c1ccc(cc1)N(C)C,,,
C=CC(=O)OCC(CO)(COC(=O)C=C)COC(=O)C=C,,,
CNc1ccc(cc1)O,,,
c1ccc(cc1)Nc1ccc(cc1)N=O,,,
C[Hg]Cl,,,
c1cc(ccc1CCCC(=O)O)N(CCCl)CCCl,,,
c1cc(ccc1O)O,,,
CC(=O)Nc1ccc(cc1)C(=O)CCl,,,
c1cc2c(c(c1)O)nccc2,,,
CCCCCCCCn1c(=O)ccs1,,,
c1cc2c(c3c(cccn3)cc2)nc1,,,
CCC(C)Nc1ccc(cc1)NC(C)CC,,,
c1nc(nc(=O)n1[C@H]1[C@@H]([C@@H]([C@H](O1)CO)O)O)N,,,
CCCCNC(=O)n1c2ccccc2nc1NC(=O)OC,,,
C=CC(=O)OCCOCCOC(=O)C=C,,,
Cc1c(ccc(c1)Nc1ccc(cc1)O)N,,,
C=CC(=O)OCCOCCOCCOCCOC(=O)C=C,,,
CCCCCCCC[N+](CCCCCCCC)(CCCCCCCC)CCCCCCCC,,,
CN(CCCl)CCCl,,,
Cc1c2ccc3ccccc3c2c(c2ccccc12)C,,,
c1ccc(cc1)C(=O)CCl,,,
c1ccc2c(c1)c(c1ccccc1n2)N,,,
COC(=O)Nc1nc2ccccc2[nH]1,,,
CC(C)(C)c1c(ccc(c1)O)O,,,
c1ccc(c(c1)O)O,,,
CC(C)Nc1ccc(cc1)Nc1ccccc1,,,
CN(C)c1ccc(cc1)C(=N)c1ccc(cc1)N(C)C,,,
c1cc(c(cc1c1cc(c(cc1)N)Cl)Cl)N,,,
CN(C(=N)N[N+](=O)[O-])N=O,,,
c1ccc(cc1)/C=C/[N+](=O)[O-],,,
Cc1cc(c(cc1)N)N,,,
CCOC(=O)CC(C(=O)OCC)SP(=S)(OC)OC,,,
CCOP(=O)(NC(C)C)Oc1cc(c(cc1)SC)C,,,
C1=NC2C(N=C(NC2=N1)N)S,,,
C[C@H]1CCCC(=O)CCC/C=C/c2c(c(cc(c2)O)O)C(=O)O1,,,
CC1=C(C(CCC1)(C)C)/C=C/C(=C/C=C/C(=C/C(=O)Nc1ccc(cc1)O)/C)/C,,,
CC(C)(C)c1cc(c(cc1)O)O,,,
CCCCCCCCCc1ccc(cc1)O,,,
COP(=S)(OC)SCn1c(=O)c2ccccc2nn1,,,
COP(=O)(OC)OC=C(Cl)Cl,,,
CN(C)c1cc2c(cc1)nc1-c(cc(=[N+](C)C)cc1)s2,,,
c1c(c(c(c(c1Cl)Cl)Cc1c(c(cc(c1Cl)Cl)Cl)O)O)Cl,,,
C1(C(=C(C(=O)O1)Cl)C(Cl)Cl)O,,,
C[C@@H]1CC[C@@]2([C@H]([C@H]3[C@@H](O2)[C@H]([C@@H]2[C@@]3(CC[C@H]3[C@H]2CC[C@@H]2[C@@]3(C[C@H]([C@@H](C2)O[C@H]2[C@@H]([C@H]([C@H]([C@H](O2)CO)O[C@H]2[C@@H]([C@H]([C@@H]([C@H](O2)CO)O)O[C@H]2[C@@H]([C@H]([C@@H](CO2)O)O)O)O[C@H]2[C@@H]([C@H]([C@@H]([C@H](O2)CO)O)O[C@H]2[C@@H]([C@H]([C@@H]([C@H](O2)CO)O)O)O)O)O)O)O)C)C)O)C)OC1,,,
C(=C\C#N)/C#N,,,
CC1=C(C(CCC1)(C)C)/C=C/C(=C/C=C/C(=C\C=O)/C)/C,,,
Cc1cc(c(cc1)O)N,,,
CC1=C(C(CCC1)(C)C)/C=C/C(=C/C=C/C(=C/C=O)/C)/C,,,
C/C=C\1/C(=O)C[C@@H]2[C@@]1(CC[C@H]1[C@H]2CCC2=CC(=O)CC[C@]12C)C,,,
C1(=C(C(=O)C(=C(C1=O)Cl)Cl)Cl)Cl,,,
c1cc(c(cc1[N+](=O)[O-])[N+](=O)[O-])F,,,
c1cc(ccc1c1cc(=O)c2c(cc(cc2o1)O)O)O,,,
C[C@@H]1CC(=O)C=C([C@@]21C(=O)c1c(O2)c(c(cc1OC)OC)Cl)OC,,,
CC(=O)Oc1ccccc1C(=O)Nc1ncc(s1)[N+](=O)[O-],,,
C1CCC(C(C1)C(=O)OCC1CO1)C(=O)OCC1CO1,,,
CCCCCCCCCCCCCCCC[n+]1ccccc1,,,
CC(C)CC(C)Nc1ccc(cc1)Nc1ccccc1,,,
c1cc(ccc1N)O,,,
CC1=C(C(C(=C(N1)C)C(=O)OC)c1ccccc1[N+](=O)[O-])C(=O)OC,,,
c1cc(c2c(c1[N+](=O)[O-])C(=O)c1c(ccc(c1C2=O)O)[N+](=O)[O-])O,,,
CC(COc1ccccc1)N(CCCl)Cc1ccccc1,,,
c1c(c(c(c(c1Cl)Cl)Cl)Cl)[N+](=O)[O-],,,
CC/C(=C(/CC)\c1ccc(cc1)O)/c1ccc(cc1)O,,,
C1C(O1)COCCCCOCC1CO1,,,
c1nc(nn1[C@H]1[C@@H]([C@@H]([C@H](O1)CO)O)O)C(=O)N,,,
CC/C(=C(\c1ccccc1)/c1ccc(cc1)OCCN(C)C)/c1ccc(cc1)O,,,
Cc1cc(c(cc1Sc1cc(c(cc1C)O)C(C)(C)C)C(C)(C)C)O,,,
c1cc(ccc1C(c1ccc(cc1)Cl)C(Cl)Cl)Cl,,,
Cc1c(ccc(c1)c1cc(c(cc1)N=Nc1c(c2ccccc2c(c1)S(=O)(=O)[O-])N)C)N=Nc1c(c2ccccc2c(c1)S(=O)(=O)[O-])N,,,
C[C@]12CC[C@H]3[C@H]([C@@H]1CC[C@]2(C#C)O)CCc1c3ccc(c1)O,,,
C[C@H]1CC[C@@H]2[C@H]([C@H]3[C@@H](N2C1)C[C@@H]1[C@@]3(CC[C@H]2[C@H]1CC=C1[C@@]2(CCC(C1)O[C@H]1[C@@H]([C@H]([C@H]([C@H](O1)CO)O)O[C@H]1[C@@H]([C@H]([C@@H]([C@H](O1)CO)O)O)O)O[C@@H]1[C@@H]([C@@H]([C@H]([C@@H](O1)C)O)O)O)C)C)C,,,
C1(=O)C2(C3(C4(C1(C1(C2(C3(C(C41Cl)(Cl)Cl)Cl)Cl)Cl)Cl)Cl)Cl)Cl,,,
CO[C@H]1[C@@H](C[C@@H]2CN3CCc4c([C@H]3C[C@@H]2[C@@H]1C(=O)OC)[nH]c1c4ccc(c1)OC)OC(=O)c1cc(c(c(c1)OC)OC)OC,,,
C/C=C/C=C/C=O,,,
C=C1C(C2(C(C(C1(C2(Cl)Cl)Cl)Cl)Cl)Cl)(CCl)CCl,,,
[cH-]1cccc1,,,
C[C@H](CCCC(C)C)[C@H]1CC[C@@H]2[C@@]1(CCC/C/2=C\C=C/1\C[C@H](CCC1=C)O)C,,,
CC(=O)OCc1ccco1,,,
Cc1cc(ccc1)NC(=O)Oc1cccc(c1)NC(=O)OC,,,
CCN(CC)c1ccc(cc1)N,,,
c1cc(c(cc1Cl)Cc1c(ccc(c1)Cl)O)O,,,
CCC(=C)C(=O)c1c(c(c(cc1)OCC(=O)O)Cl)Cl,,,
c1cc2c(ccc(c2)SSc2cc3c(cc2)cc(cc3)O)cc1O,,,
C1=CC(=N)C=CC1=C(c1ccc(cc1)N)c1ccc(cc1)N,,,
CN(C)c1ccc(cc1)N,,,
c1ccc2cc3c(cc2c1)C(=NC3=N)N,,,
C=CC(=O)OCCCCCCOC(=O)C=C,,,
CC/C(=C(\c1ccccc1)/c1ccc(cc1)OCCN(C)C)/c1ccccc1,,,
CN(C)c1ccc(cc1)N(C)C,,,
C[C@]12CC[C@H]3[C@H]([C@@H]1CC[C@]2(C)O)CC[C@@H]1[C@@]3(C/C(=C/O)/C(=O)C1)C,,,
CC1=C(C(CCC1)(C)C)/C=C/C(=C/C=C/C(=C/COC(=O)C)/C)/C,,,
C1C=CC=[C-]1,,,
c1cc2c(c(c(cc2Cl)I)O)nc1,,,
C1c2cc(c(cc2[C@@H]2[C@]1(COc1c2ccc(c1O)O)O)O)O,,,
c1cc(ccc1c1coc2cc(cc(c2c1=O)O)O)O,,,
CN1CN(C(=S)SC1)C,,,
COP(=O)(OC)O/C(=C\Cl)/c1cc(c(cc1Cl)Cl)Cl,,,
c1(nc(nc(n1)Cl)Cl)Cl,,,
CC(=O)[C@H]1CC[C@@H]2[C@@]1(CC[C@H]1[C@H]2CCC2=CC(=O)CC[C@]12C)C,,,
c1cc(ccc1NO)N=O,,,
CCCC(=O)c1cc(c(cc1O)O)O,,,
C([N+](=O)[O-])(Br)Br,,,
c1cc(c(cc1N)Cl)N,,,
CCCCCCCC/C=C\CCCCCCCC(=O)N(CCO)CCO,,,
C1C2C(C(C1Cl)Cl)C1(C(=C(C2(C1(Cl)Cl)Cl)Cl)Cl)Cl,,,
c1ccc2c(c1)c(c([nH]2)C1=Nc2ccccc2C1=O)O,,,
CC(C)(c1ccccc1)OO,,,
c1cc(c(cc1Cl)N)O,,,
C/C=C/1\C(=O)C[C@@H]2[C@@]1(CC[C@H]1[C@H]2CCC2=CC(=O)CC[C@]12C)C,,,
COc1c(ccc(c1)[C@@H]1[C@H](Oc2c(O1)cc(cc2)[C@@H]1[C@H](C(=O)c2c(cc(cc2O1)O)O)O)CO)O,,,
C=CC=O,,,
C[C@H]1/C=C/C=C(\C(=O)Nc2c(c(c3c(c2O)c(c(c2c3C(=O)[C@](O2)(O/C=C/[C@@H]([C@H]([C@H]([C@@H]([C@@H]([C@@H]([C@H]1O)C)O)C)OC(=O)C)C)OC)C)C)O)O)/C=N/N1CCN(CC1)C)/C,,,
c1ccc(cc1)CCI,,,
c1cc(ccc1COC(Cn1ccnc1)c1c(cc(cc1)Cl)Cl)Cl,,,
C/C(=C\C=C\C=C(\C=C\C=C(\C=C\C(=O)O)/C)/C)/C=C/C=C(/C=C/C(=O)O)\C,,,
CC(C)(C)NC(=O)[C@@H]1C[C@@H]2CCCC[C@@H]2CN1C[C@H]([C@H](Cc1ccccc1)NC(=O)[C@H](CC(=O)N)NC(=O)c1nc2ccccc2cc1)O,,,
c1ccc(cc1)S(=O)(=O)Cl,,,
c1ccc2c(c1)cn[nH]c2=O,,,
CCCCC/C=C/C=C/C=O,,,
CCOc1ccccc1C(=O)N,,,
CC(CCl)OC(C)CCl,,,
CCCCCOC(=O)c1ccccc1C(=O)OCCCCC,,,
c1ccc(cc1)CCOC(=O)c1ccccc1N,,,
c1cc(ccc1C(=O)N)[N+](=O)[O-],,,
c1ccc(c(c1)N)[N+](=O)[O-],,,
c1c(cc(c(c1Cl)O)Cl)Cl,,,
CCC=O,,,
c1ccc(c(c1)C(=O)Cl)[N+](=O)[O-],,,
Cc1c(c(ccc1)O)C,,,
c1ccc(cc1)C(Cl)(Cl)Cl,,,
c1cc(ccc1C=Cc1cc(cc(c1)O)O)O,,,
c1ccc2c(c1)cc(cc2[N+](=O)[O-])[N+](=O)[O-],,,
COc1c2c(cc3c1occ3)ccc(=O)o2,,,
CC(C)CCOCC(=O)OCC=C,,,
c1c(c(cc(c1Br)Br)Br)Oc1cc(c(cc1Br)Br)Br,,,
c1ccc(cc1)P(c1ccccc1)c1ccccc1,,,
Cn1c2c(c(=O)n(c1=O)C)[nH]cn2,,,
CCCC(CCC)C(=O)O,,,
CC1CCC2CC1C2(C)C,,,
Cc1cc(c(cc1)C)[N+](=O)[O-],,,
COC(=O)c1ccc(cc1)C=O,,,
C1C(O1)c1ccccc1,,,
c1ccc(cc1)C(C#N)O,,,
C=CCN=C=S,,,
Cc1cc(cc(c1N)C)c1cc(c(c(c1)C)N)C,,,
c1cc(c(c(c1[N+](=O)[O-])Cl)Cl)Cl,,,
c1cc(c(cc1N)C(=O)O)O,,,
CCOP(=S)(OCC)Oc1ccc(cc1)[N+](=O)[O-],,,
CCN(CC)c1cc(ccc1)O,,,
Cc1cnc[nH]1,,,
c1csc(n1)N,,,
C=CC1CO1,,,
CCCCNCC,,,
CCC1(C(=O)NCNC1=O)c1ccccc1,,,
C1CCC(=O)CC1,,,
c1ccc2cc3-c4cccc5c4c(-c3cc2c1)ccc5,,,
Cc1c(cc(cc1)N)O,,,
c1cc(ccc1C(c1ccc(cc1)Cl)(C(Cl)(Cl)Cl)O)Cl,,,
CC1(C2C(C3C(C(=O)C(=C(C3(C(=O)C2=C(c2c1cccc2O)O)O)O)C(=O)N)N(C)C)O)O,,,
Cc1c(cc(cc1)[N+](=O)[O-])[N+](=O)[O-],,,
c1ccc(c(c1)N)S(=O)(=O)O,,,
Cc1c(n(c(c1)CC(=O)[O-])C)C(=O)c1ccc(cc1)Cl,,,
Cc1ccc(cc1)C,,,
CC1C(C(C(C(O1)OC1C(C(OC(C1OC(=O)C=Cc1cc(c(cc1)O)O)COC1C(C(C(C(O1)CO)O)O)O)OCCc1cc(c(cc1)O)O)O)O)O)O,,,
c1cc(ccc1N)S(=O)(=O)N,,,
c1ccc(c(c1)C(=O)O)C(=O)O,,,
C/C=C/C=C/C(=O)O,,,
Cc1cc(c(cc1)C)OCCCC(C)(C)C(=O)O,,,
CC(=O)OC=C,,,
CN(C)CCN(Cc1ccc(cc1)OC)c1ccccn1,,,
CC1CCC(C2=C(CC(C12)OC(=O)C)C)C=C(C)C(=O)O,,,
c1cc(ccc1N)S(=O)(=O)c1ccc(cc1)N,,,
c1cc(c(cc1Cc1cc(c(cc1)N)Cl)Cl)N,,,
CC=C(Cl)Cl,,,
Cc1c(cccc1[N+](=O)[O-])[N+](=O)[O-],,,
CCN(CC)C(=S)SCC(=C)Cl,,,
CCC(C)(OO)OOC(C)(CC)OO,,,
c1c(cc(cc1Cl)Cl)O,,,
C(CBr)Br,,,
C1CCC(CC1)(C#N)O,,,
c1ccc2c(c1)cccc2N,,,
CC(=O)c1cc(ccc1)[N+](=O)[O-],,,
CC(=O)C1(CCC2C1(CCC1C2C=C(C2=CC(=O)C3CC3C12C)Cl)C)OC(=O)C,,,
CCCCC(CC)COP(=O)(OCC(CC)CCCC)OCC(CC)CCCC,,,
c1ccc(c(c1)Cl)Cl,,,
c1ccc2c(c1)[nH]cn2,,,
CC(=CCC/C(=C/C=O)/C)C,,,
CCc1nccc(c1)C(=S)N,,,
c1ccc2c(c1)ncs2,,,
c1c(cc(c(c1Cl)N)Cl)Cl,,,
c1cc(cc(c1)[N+](=O)[O-])C(=O)Cl,,,
c1ccc(c(c1)C(=O)N)O,,,
C(=O)(C(Cl)(Cl)Br)O,,,
C(CCl)Cl,,,
c1ccc(cc1)C(=O)O,,,
Cc1ccc(cc1)NC(=O)C,,,
CCOP(=O)(CC)OCC,,,
c1cc(ccc1C(=O)O)S(=O)(=O)N(Cl)Cl,,,
c1cc(ccc1O)Cl,,,
CCC(=O)C=C,,,
Cn1cnc2c1c(=O)n(c(=O)n2C)C,,,
CN1CCCC1c1cnccc1,,,
c1ccc2c(c1)c(c[nH]2)CO,,,
CCCCCCCCCCCC(=O)O,,,
c1cc(ccc1[N+](=O)[O-])Cl,,,
CC1C=CC=CC=CC=CC=CC=CC=CC(CC2C(C(CC(O2)(CC(CC(C(CCC(CC(CC(=O)OC(C(C1O)C)C)O)O)O)O)O)O)O)C(=O)O)OC1C(C(C(C(O1)C)O)N)O,,,
Cc1ccccc1C=O,,,
C(/C=C/CCl)Cl,,,
c1ccccc1,,,
Cc1cc(c(cc1)[N+](=O)[O-])N,,,
Cc1cccc2c1nccc2,,,
Cc1cc2c(cc1)nccc2,,,
c1cc(cc(c1)[N+](=O)[O-])C(=O)N,,,
C1CCN(CC1)N=O,,,
CCOc1c(cc(cc1)NC(=O)C)N,,,
c1ccc2c(c1)cco2,,,
Cc1c(nc[nH]1)CSCCNC(=NC)NC#N,,,
CSCCC=O,,,
c1cc(cc(c1)O)[N+](=O)[O-],,,
c1cc(c(cc1C(=O)O)Cl)Cl,,,
CC(=O)Nc1ccccc1,,,
C=Cc1ccccn1,,,
c1ccc(cc1)c1ccccc1O,,,
C(C(C1C(=C(C(=O)O1)O)O)O)O,,,
CC(C)CCOC(=O)/C=C/c1ccccc1,,,
CC1=CC(=O)CC(C1(/C=C/C(=C\C(=O)O)/C)O)(C)C,,,
CCN(CC)c1ccccc1,,,
CCCCCCCCC/C=C/CC1CC(=O)OC1=O,,,
Cc1c(cc(cc1)N)[N+](=O)[O-],,,
C(CNCCNCCNCCN)N,,,
c1ccc(cc1)c1ccc(cc1)Br,,,
CCCCOC(=O)c1ccccc1N,,,
c1ccc(c(c1)CCO)[N+](=O)[O-],,,
CC1CC(OC(O1)C)OC(=O)C,,,
CCCCCCCCC1CO1,,,
CC(=O)Oc1ccc(cc1)C(c1ccc(cc1)OC(=O)C)c1ccccn1,,,
CCCC(C)(COC(=O)N)COC(=O)NC(C)C,,,
CC(CN)N,,,
C1CCC(CC1)NC(=S)NC1CCCCC1,,,
CC(CO)O,,,
CCCCOC(=O)COc1c(cc(cc1)Cl)Cl,,,
C1CSSC1CCCCC(=O)O,,,
C1C2C3C(C1C1C2O1)C1(C(=C(C3(C1(Cl)Cl)Cl)Cl)Cl)Cl,,,
CC1C2CC2(CC1=O)C(C)C,,,
CC1CC2(C3C(O3)(CO2)C)OC2C1C1(CCC34CC53CCC(C(C5CCC4C1(C2)C)(C)C)OC1C(C(C(CO1)O)O)O)C,,,
C(C(Cl)Cl)(Cl)Cl,,,
c1(c(c(c(c(c1Cl)Cl)Cl)Cl)Cl)[N+](=O)[O-],,,
C1C(O1)COc1ccccc1,,,
Cc1ncc(n1CCO)[N+](=O)[O-],,,
CCCCC#N,,,
c1ccc(cc1)C(=O)C=O,,,
CC(C)COC(=O)COc1cc(c(cc1Cl)Cl)Cl,,,
c1ccc(cc1)OC(=O)c1ccccc1O,,,
CCCCOC(=O)c1ccc(cc1)N,,,
c1cc(nc(c1)Cl)C(Cl)(Cl)Cl,,,
CNc1ccccc1,,,
C=Cc1ccccc1,,,
Cc1cc(c(c(c1)C(C)(C)C)O)C(C)(C)C,,,
CC(C)OC(=O)/C=C(\C)/C=C/CC(C)CCCC(C)(C)OC,,,
CCCCC(CC)COC(=O)c1ccc(cc1)N(C)C,,,
c1ccc(cc1)CCl,,,
Cc1cc(nc(n1)NS(=O)(=O)c1ccc(cc1)N)C,,,
CCCC[N+](=O)[O-],,,
CCCC(C)(COC(=O)N)COC(=O)N,,,
c1cc(c(cc1O)O)C(=O)O,,,
c1ccc(c(c1)C(c1ccc(cc1)O)c1ccc(cc1)O)C(=O)O,,,
c1ccc(cc1)OP(Oc1ccccc1)Oc1ccccc1,,,
CC1(C2CCC1(C(=O)C2)C)C,,,
c1ccc(cc1)c1cc(=O)c2ccccc2o1,,,
c1cc(c(cc1Cl)Cl)C(=O)O,,,
COc1cc(c(cc1)N)OC,,,
CCCCCCOC(=O)C(=C)C,,,
c1cc(c(cc1Cl)Cl)O,,,
Cc1ccc(cc1)C(=O)O,,,
CCCCCC/C(=C\c1ccccc1)/C=O,,,
c1cc(c(cc1Cl)Cl)N,,,
c1ccc(c(c1)[N+](=O)[O-])O,,,
c1ccc(cc1)C(=O)NO,,,
CCCCCCCCCCCCC1CO1,,,
C(C(Cl)Cl)Cl,,,
Cc1c(ccc(c1)[N+](=O)[O-])N,,,
C1COC1=O,,,
CCCCCCCCCCCOC(=O)c1ccccc1C(=O)OCCCCCCCCCCC,,,
COc1cc(cc(c1OC)OC)Cc1cnc(nc1N)N,,,
C(CO)[N+](=O)[O-],,,
CCOP(=S)(OCC)Oc1nc(c(cc1Cl)Cl)Cl,,,
c1ccc(cc1)CO,,,
COc1cc(cc2c1OCO2)CC=C,,,
c1ccc(cc1)c1ccccc1,,,
CCOC(C)OCC,,,
c1ccc2c(c1)cccc2Cl,,,
C/C=C(/C)\C#N,,,
CCCCOCCOP(=O)(OCCOCCCC)OCCOCCCC,,,
c1ccc2cc3cc(ccc3cc2c1)N,,,
CC(C)(c1ccccc1)c1ccc(cc1)O,,,
c1c(cc(c(c1Cl)[N+](=O)[O-])Cl)Cl,,,
CC(C)CCON=O,,,
C1CCCC1,,,
CC(=C)CCl,,,
CC1=CCC2CC1C2(C)C,,,
CCCCC(CC)COC(=O)CCCCC(=O)OCC(CC)CCCC,,,
Cc1ncc[nH]1,,,
c1cc(ccc1C=O)Cl,,,
C(C(F)(F)F)(Cl)Br,,,
c1ccc2c(c1)ccc(=O)o2,,,
c1ccc(cc1)Nc1ccccc1[N+](=O)[O-],,,
CCCC(CCCC(CCC(CCC(CCC(CCCC(CCC)Cl)Cl)Cl)Cl)Cl)Cl,,,
CC(C)C(CCCN(C)CCc1cc(c(cc1)OC)OC)(C#N)c1cc(c(cc1)OC)OC,,,
CC(C)OS(=O)(=O)C,,,
COc1ccc(cc1)N,,,
c1cc2c(cc1[N+](=O)[O-])C(=O)NC2=O,,,
CCC(C)O,,,
CCOc1ccccc1N,,,
Cc1cc2c(cc1C)sc(n2)N,,,
c1coc(c1)C=O,,,
c1ccc2c(c1)nc(s2)SSc1nc2ccccc2s1,,,
CC1=CC(=O)[N-]S(=O)(=O)O1,,,
c1cc(c(c(c1O)Cl)Cl)Cl,,,
C1C(C(OC1n1cc(c(=O)[nH]c1=O)Br)CO)O,,,
Cc1c(cc(cc1)N)Cl,,,
CC/C=C/1\c2ccccc2C(=O)O1,,,
c1ccc(cc1)COC(=O)c1ccccc1O,,,
C(=O)(N)NC(=O)N,,,
C1CCCNCC1,,,
c1ccc2c(c1)Nc1ccccc1S2,,,
c1cc(cc(c1)Cl)N,,,
CCOc1ccc(cc1)NC(=O)C,,,
C1CC(C(C(C1OC(=O)C=Cc1cc(c(cc1)O)O)O)O)(C(=O)O)OC(=O)C=Cc1cc(c(cc1)O)O,,,
CC(CCl)Cl,,,
C(CBr)Cl,,,
CC(C)([N+](=O)[O-])Cl,,,
CNCC(c1ccc(cc1)O)O,,,
CCCCCCCC(=O)OCC(COC(=O)CCCCCCC)OC(=O)CCCCCCC,,,
CCCCC(CC)CO,,,
Cc1ccc(cc1)C(C)(C)C,,,
c1ccc(cc1)NC(=S)N,,,
C(CBr)O,,,
c1cc(c(c(c1)Cl)Cl)Cl,,,
Cc1c(cc(cc1)C(=O)O)[N+](=O)[O-],,,
CON=C(c1ccco1)C(=O)NC1C2N(C1=O)C(=C(CS2)COC(=O)N)C(=O)O,,,
c1ccc2c(c1)c1cccc3c1c1c(cccc21)cc3,,,
COC(=O)CCCC(=O)OC,,,
Cc1cccc2ccccc12,,,
COP(=S)(OC)Oc1ccc(cc1)[N+](=O)[O-],,,
CC1=NN(C(=O)C1)c1ccccc1,,,
c1cc(c(cc1N)[N+](=O)[O-])N,,,
C(CCl)C#N,,,
C(CO)CBr,,,
Cc1c(cccc1N=C=O)N=C=O,,,
COC(=O)c1ccccc1C(=O)OC,,,
CC(=O)C(=O)C,,,
C(C(Br)Br)(Br)Br,,,
c1c(cc(c(c1Cl)Cl)Cl)[N+](=O)[O-],,,
CCN(CC)c1cc2c(cc1)c(cc(=O)o2)C,,,
c1cc(ccc1N)Oc1ccc(cc1)N,,,
COc1ccc(cc1)CC=C,,,
C(=C\C(=O)Cl)/C(=O)Cl,,,
C(COCCO)O,,,
CCNCC,,,
C(#N)/C(=C(\C#N)/N)/N,,,
C1OCOCO1,,,
Cc1ccc(o1)C,,,
CC(C)OCC1CO1,,,
CCCCCCCC/C=C\CCCCCCCC(=O)O,,,
c1ccnc(c1)Cl,,,
CCCCCCCCOC(=O)c1ccccc1C(=O)OCCCCCCCC,,,
c1cc(c(cc1Cl)[N+](=O)[O-])N,,,
c1cc2c(cc1[N+](=O)[O-])C(=O)OC2=O,,,
Cc1cc(c(cc1)N)[N+](=O)[O-],,,
c1c(cc(cc1Cl)Cl)N,,,
c1c(nc(s1)N)CC(=O)O,,,
C1CCC(CC1)NC1CCCCC1,,,
c1cc(cc(c1)Cl)[N+](=O)[O-],,,
Cc1ccc(cc1)Cl,,,
COS(=O)(=O)C,,,
CCCCC(CC)COC(=O)c1ccccc1C(=O)OCC(CC)CCCC,,,
c1cc(c(c(c1)Cl)Cl)O,,,
c1cc(=O)[nH][nH]c1=O,,,
COC(=O)CC#N,,,
CC1CCC(C2=C(CCC12)C)C=C(C)C(=O)O,,,
CCCN(CCC)S(=O)(=O)c1ccc(cc1)C(=O)O,,,
c1c(cc(c(c1N)Cl)C(=O)O)Cl,,,
COc1ccc(cc1)OC,,,
c1ccc(cc1)CC#N,,,
c1cc(ccc1C(=O)O)N,,,
C1Oc2c(O1)cc(cc2)C=O,,,
C1CCC(CC1)N=C=NC1CCCCC1,,,
Cc1c(cccc1[N+](=O)[O-])N,,,
CCO[Si](CCCN)(OCC)OCC,,,
c1ccc(c(c1)C(=O)Cl)F,,,
CCCCCCCCCCCCCl,,,
C/C=C/c1cc2c(cc1)OCO2,,,
CCCN(CCC)C(=O)SCC,,,
c1ccc(cc1)c1ccccc1[N+](=O)[O-],,,
c1cc2c(cc1[N+](=O)[O-])c(=O)[nH][nH]c2=O,,,
c1nn(c(=O)nc1N)C1C(C(C(O1)CO)O)O,,,
c1ccc(cc1)N(N=O)[O-],,,
CCOC(=O)C1C(O1)(C)c1ccccc1,,,
COc1cc2c(ccnc2cc1)C(C1CC2CCN1CC2C=C)O,,,
CC(=CCl)C,,,
c1cc(cc(c1)Br)C=O,,,
CC(C)COC(=O)C=C,,,
CCCCC(CC)COC(=O)C=C,,,
c1cc(c(cc1Cl)C(=O)O)Cl,,,
CN(C)N=O,,,
Cc1c(onc1C)NS(=O)(=O)c1ccc(cc1)N,,,
CC/C=C/C#N,,,
CCC(O)OC(CC)O,,,
CS(=O)(=O)OCCCCOS(=O)(=O)C,,,
C(CCl)OP(=O)(OCCCl)OCCCl,,,
Cc1cccc(c1)C#N,,,
CC(C)(C)OOC(C)(C)C,,,
Cc1c(cc(cc1)N)C,,,
CCOCCOCC,,,
Cc1cc2ccccc2cc1,,,
c1cc(c(c(c1)Cl)C(=O)Cl)Cl,,,
COC(=O)c1ccccc1,,,
CCCCC,,,
CC(=O)OCc1ccccc1,,,
C1C2C=CC1C1C2C2(C(=C(C1(C2(Cl)Cl)Cl)Cl)Cl)Cl,,,
c12c(c(c(c(c1Cl)Cl)Cl)Cl)C(=O)OC2=O,,,
COc1cc(c(cc1C=O)OC)OC,,,
CCOP(=S)(OCC)Oc1nc(nc(c1)C)C(C)C,,,
c1c(c(c(c(c1Cl)Cl)[N+](=O)[O-])Cl)Cl,,,
c1cc(c(cc1O)Cl)Cl,,,
c1cc2n[nH]nc2cc1,,,
Cc1cccc(c1[N+](=O)[O-])C(=O)O,,,
COC(=O)C(C1CCCCN1)c1ccccc1,,,
c1ccc(cc1)C#N,,,
C[NH+](C)CCC(c1ccc(cc1)Cl)c1ccccn1,,,
CC(=O)Nc1cc(ccc1)O,,,
CCOC(=O)C=C,,,
c1c(oc(c1)C(=O)NCC(=O)O)CO,,,
c1cc(ccc1CCO)[N+](=O)[O-],,,
CN(C)C(=O)Nc1ccc(cc1)Cl,,,
C(=C\C(=O)O)\C(=O)O,,,
c1ccc(cc1)OCC(=O)O,,,
CC(CCC(=O)[O-])C1CCC2C1(C(CC1C2C(CC2C1(CCC(C2)O)C)O)O)C,,,
COc1c(ccc(c1)c1cc(c(cc1)N)OC)N,,,
c1cc(c(c(c1)Cl)Cl)C(=O)O,,,
CCCCCCc1ccc(cc1)c1ccc(cc1)C#N,,,
C=CC(=O)NCNC(=O)C=C,,,
c1nncn1N,,,
c1ccc(cc1)COC(=O)Cl,,,
c1ccc(cc1)C(=O)N,,,
CC(=O)OC(=O)C,,,
COC1=CC(=O)OC(C1)CCc1ccccc1,,,
CCCBr,,,
c1ccc2c(c1)[nH]c(=S)s2,,,
CCCCN(CCCC)CCO,,,
c1cc(c(cc1Cl)Cl)C=O,,,
C(C(CO)O)O,,,
C(CN)N,,,
c1cc(c(cc1[N+](=O)[O-])N)O,,,
c1ccc2c(c1)cccc2[N+](=O)[O-],,,
CCCC=O,,,
Cc1c(cc(cc1)O)C,,,
c1ccc2c(c1)cccn2,,,
COc1c(cc(cc1)C=O)OC,,,
c1cc(c(cc1Cl)Cl)Cl,,,
COc1c(ccc(c1)C=O)O,,,
C1C(O1)CO,,,
CC12CCC(=O)C=C1CCC1C2(C(CC2(C1CCC2(C)O)C)O)F,,,
c1cc(ccc1C(=C(Cl)Cl)c1ccc(cc1)Cl)Cl,,,
CN(C)NC(=O)CCC(=O)O,,,
C(CCl)OCOCCCl,,,
CCCCOC(=O)c1ccccc1C(=O)OCCCC,,,
Cc1c(ccc(c1)c1cc(c(cc1)N)C)N,,,
CCc1c(c(nc(n1)N)N)c1ccc(cc1)Cl,,,
CCCCCCCCCCCCOCC1CO1,,,
Cc1cc(ccc1)Br,,,
CCCN(CCC)c1c(cc(cc1[N+](=O)[O-])C(F)(F)F)[N+](=O)[O-],,,
CC1C(C(C(C(O1)OC1C(C(C(OC1Oc1cc(c(c(c1)O)C(=O)CCc1cc(c(cc1)OC)O)O)CO)O)O)O)O)O,,,
c1cc(c(cc1Cl)Cl)OCC(=O)O,,,
C1CCC(=NO)CC1,,,
CCCCCCCN,,,
Cc1ccccc1,,,
C(C(=O)O)Br,,,
CCCCCO,,,
c1ccc(c(c1)N)Cl,,,
c1cc(cc(c1)Cl)Cl,,,
C1CC=CC(=O)C1,,,
Cc1cc(c2c(c1)C(=O)c1c(C2=O)c(ccc1)O)O,,,
c1ccc(cc1)F,,,
CC(=O)c1ccccc1[N+](=O)[O-],,,
CC(=O)Nc1ccc(cc1)C(=O)O,,,
c1cc(ccc1C(F)(F)F)Cl,,,
CCCC(=O)Cl,,,
CCCC(=O)OC(=O)CCC,,,
CSSC,,,
C(CCl)CCl,,,
c1ccc2c(c1)[nH]c(n2)NC(=O)N,,,
Cc1cn(c(=O)[nH]c1=O)C1CC(C(O1)CO)N=[N+]=[N-],,,
CNC(=O)c1ccccc1,,,
Cc1cc(ccc1)[N+](=O)[O-],,,
Cc1c(cccc1N)N,,,
c1c2c(cc(c1Cl)S(=O)(=O)N)S(=O)(=O)N=CN2,,,
c1ccc(cc1)COCc1ccccc1,,,
c1cc(ccc1N/N=C/1\C=CC(=O)C(=C1)C(=O)O)[N+](=O)[O-],,,
c1cc(c(cc1Cl)O)Cl,,,
C(C(=O)O)(Cl)Br,,,
C(C(CO)(CBr)CBr)O,,,
CCOP(=S)(OCC)SCCSCC,,,
CCCSC(=O)Cl,,,
c1c(cc(c(c1S(=O)(=O)O)O)C(=O)O)N,,,
C1CC(CCC1CC1CCC(CC1)N)N,,,
Cc1c2c(ccc1)sc(n2)N,,,
c1cc(c(cc1N)Cl)Cl,,,
CN(C)C=O,,,
CC(=C)C#N,,,
CC12CCC(=O)CC1CCC1C2CCC2(C1CCC2O)C,,,
CC(C)(C)OC=O,,,
CCC/C=N/O,,,
CCCCOC(=O)c1ccccc1C(=O)OCc1ccccc1,,,
CCOP(=O)(OCC)OCC,,,
c1(c(c(nc(c1Cl)Cl)C(=O)O)Cl)N,,,
CCCCCl,,,
Cc1ccccc1N,,,
c1cc2c(cccc2[N+](=O)[O-])c(c1)[N+](=O)[O-],,,
COC(=O)C(Cc1ccccc1)NC(=O)C(CC(=O)O)N,,,
C(O)[P+](CO)(CO)CO,,,
CCOP(=O)(Cl)Cl,,,
C=CCOC(=O)c1ccccc1N,,,
CCN(CC)C(=O)c1cc(ccc1)C,,,
Cc1c(c2c(cc1)nc(s2)c1ccc(cc1)N)S(=O)(=O)O,,,
c1cc(c(cc1F)F)[N+](=O)[O-],,,
CCCCOC(=O)C,,,
C(CCl)OCCCl,,,
CC(C)COC(=O)c1ccccc1C(=O)OCC(C)C,,,
c1ccc(cc1)S(=O)(=O)O,,,
c1ccc(cc1)C=O,,,
CNC(=O)N(c1ccccc1)c1ccccc1,,,
C(CCC(=O)N)CC(=O)N,,,
Cc1c(c(=O)cco1)O,,,
c1cc(cc(c1)N)C(F)(F)F,,,
c1cc2c(c(c1)N)c(=O)[nH][nH]c2=O,,,
c1ccc(cc1)C(=O)c1ccccc1,,,
CCCC(C)CO,,,
CCCCC=O,,,
C(CO)NCCO,,,
c1c(cc(c(c1Cl)N)Cl)[N+](=O)[O-],,,
CCCOC(=O)c1ccccc1C(=O)OCCC,,,
CCCCCc1cc(cc(c1)O)O,,,
c1ccc2cc(ccc2c1)N,,,
C1CC(=O)OC1=O,,,
c1c(c(cc(c1Cl)Cl)Cl)Cl,,,
CCCCC(=O)Cl,,,
CC(=O)NNc1ccccc1,,,
CC(CCC(=O)O)(c1ccc(cc1)O)c1ccc(cc1)O,,,
Cc1c2ccc3cccc4c3c2c(cc1)cc4,,,
CC(=O)C=C,,,
CC(C)Nc1ccccc1,,,
CCC(C)C(=O)O,,,
CCCCCCCCCCCCCCC1CO1,,,
C(=S)(N)NNC(=S)N,,,
C(C(CBr)(CBr)CBr)O,,,
CC(C)OC(=O)C,,,
CN(C)c1ccc(cc1)Cc1ccc(cc1)N(C)C,,,
CC(C)(c1cc(c(c(c1)Br)OCC(CBr)Br)Br)c1cc(c(c(c1)Br)OCC(CBr)Br)Br,,,
CC(=O)CCC(=O)C,,,
C(/C=C/Cl)Cl,,,
CCCCCCCCC,,,
Cc1cc(c(cc1C1(c2ccccc2S(=O)(=O)O1)c1cc(c(cc1C)O)C)C)O,,,
c1ccc(cc1)c1ccc(cc1)N,,,
C(C(=O)O)N(CC(=O)O)CC(=O)O,,,
Cc1cc(c(o1)C)C(=O)C,,,
c1c(cc(c(c1[N+](=O)[O-])N)Br)[N+](=O)[O-],,,
Cc1cc2c(cc1C)n(c1-c(c(=O)[nH]c(=O)n1)n2)CC(C(C(CO)O)O)O,,,
C=CCO,,,
Cc1ccc(cc1)C(=O)OC,,,
Cc1cc(=O)[nH]c(=S)[nH]1,,,
Cc1c(cc(cc1)[N+](=O)[O-])N,,,
c1coc(c1)CNc1cc(c(cc1C(=O)O)S(=O)(=O)N)Cl,,,
Cc1cc2c(cc1)c(ccc2)C,,,
C(=O)(N)/N=N/C(=O)N,,,
Cc1cc2c(cccn2)cc1,,,
c1ccc2-c3c4c(-c2c1)cccc4ccc3,,,
c1cnc[nH]1,,,
CC1CCC(C2=C(CC(C12)O)C)C=C(C)C(=O)O,,,
CCOC(=O)C(C)C(=O)C,,,
Cc1cnccc1,,,
CN1CCc2cc3c(cc2C1C1c2c(c(c(cc2)OC)OC)C(=O)O1)OCO3,,,
c1cc(c(c(c1)Cl)C(=O)O)Cl,,,
CCCCCCCC(=O)Cl,,,
CC(=O)OCc1cc2c(cc1)OCO2,,,
C(C(=C(CO)Br)Br)O,,,
c1ccc2c(c1)cccc2N=C=S,,,
CCOCCOC(=O)C,,,
C(CCC(=O)O)CC(=O)O,,,
CCOC(=O)C(=C)C#N,,,
c1ccc(cc1)CSCc1ccccc1,,,
C1CCC2CCCCC2C1,,,
CN1C2CC(CC1C1C2O1)OC(=O)C(CO)c1ccccc1,,,
CCCCCCN,,,
Cc1cc(c(cc1)C)N,,,
C(C(=O)O)C(CC(=O)O)(C(=O)O)O,,,
c1cc2c(c(c1)O)C(=O)c1c(cc(cc1C2=O)C(=O)O)O,,,
CC(C)(C)C(CCc1ccc(cc1)Cl)(Cn1cncn1)O,,,
C=CC1CCC=CC1,,,
c1ccc2c(c1)c1ccccc1[nH]2,,,
c1cc(c(cc1[N+](=O)[O-])O)N,,,
c1cc(cc(c1)Cl)O,,,
c1ccnc(c1)NS(=O)(=O)c1ccc(cc1)N/N=C\1/C=CC(=O)C(=C1)C(=O)O,,,
CCCOCC(C)OCC(C)O,,,
Cc1cccc(c1)C=C,,,
C/C=C/C=O,,,
CC1CCCO1,,,
C1C(O1)CCl,,,
CC(=CCCC(=C)C=C)C,,,
CCCCOCCO,,,
CC(C)(C)CC(C)(C)c1ccc(cc1)OCCO,,,
C1CCC(CC1)O,,,
Cc1c(cc(cc1)N=C=O)N=C=O,,,
CCCCCCC=O,,,
C=CCOCC1CO1,,,
CN(C)CCOC(=O)C=C,,,
CCCCC(CC)COCC1CO1,,,
c1ccc(cc1)Oc1ccccc1,,,
COC1=CC(=O)OC(C1)C=Cc1cc2c(cc1)OCO2,,,
CCCCCCCCCCCC[N+](C)(C)CCOc1ccccc1,,,
C1=CC(C2C1C1(C(=C(C2(C1(Cl)Cl)Cl)Cl)Cl)Cl)Cl,,,
Cc1cc(c(cc1)O)C,,,
CCCCCC(=O)N,,,
c1ccc(cc1)NC(=O)Nc1ccccc1,,,
C/C=C/c1cc(c(cc1)O)OC,,,
C=CCCl,,,
c1c([nH]c(=O)[nH]c1=O)C(=O)O,,,
CCCCCCCCCCOC(=O)C(=C)C,,,
Cc1c(c(ccc1)C)N,,,
CCCCCCCCO,,,
C(C(CBr)Br)O,,,
CC(C)CCCC(C)CCCC(C)CCCC(C)(C=C)O,,,
c1ccnc(c1)CCl,,,
c1cc(c(cc1Br)Br)Oc1cc(c(cc1Br)Br)Br,,,
c1cc(ccc1C(C(CO)NC(=O)C(Cl)Cl)O)[N+](=O)[O-],,,
c1cc(ccc1C(=N)N)OCCCCCOc1ccc(cc1)C(=N)N,,,
c1cc(c(cc1[N+](=O)[O-])Cl)Cl,,,
c1ccc(cc1)N,,,
Cc1cc(no1)NS(=O)(=O)c1ccc(cc1)N,,,
c1c(oc(c1)[N+](=O)[O-])/C=N/NC(=O)N,,,
COc1cc2c(cc1)nc(s2)N,,,
CCCCC(CC)COCCCN,,,
Cc1c(ccc(c1)C(=O)O)[N+](=O)[O-],,,
c1cc(cc(c1)[N+](=O)[O-])C(=O)O,,,
Cc1nnc(s1)NS(=O)(=O)c1ccc(cc1)N,,,
Cc1cc(=O)oc2cc(cc(c12)O)O,,,
Cc1c2c(ncc1)N(c1c(cccn1)C(=O)N2)C1CC1,,,
COc1ccccc1O,,,
C(CCl)OP(OCCCl)OCCCl,,,
CCOC(=O)CBr,,,
CN(C)C(=O)Nc1cccc(c1)C(F)(F)F,,,
c1ccc(cc1)C1(C(=O)NC(=O)N1)c1ccccc1,,,
Cc1c(ccc(c1)OP(=S)(OC)OC)SC,,,
CCCCCNCCCCC,,,
C1c2cccc3c2c2c(cccc12)cc3,,,
c1cc(cc(c1)Cl)C(F)(F)F,,,
CC12CC(=O)C3C(C1CCC2(C(=O)CO)O)CCC1=CC(=O)C=CC31C,,,
CC(C)C(C)C,,,
c1ccc(cc1)C(F)(F)F,,,
CCOCCO,,,
CCCC=C,,,
CC(=C)C(=O)OCC1CO1,,,
Cc1c(c2c(cc1)C(=O)c1ccccc1C2=O)N,,,
CCN(Cc1ccccc1)c1ccccc1,,,
Cc1cccc(c1)C(=O)O,,,
CC(=C)C(=O)OC,,,
Cc1ccc(cc1)Br,,,
CN(C)Cc1ccccc1,,,
CCCCC(CC)C(=O)O,,,
Cc1ccccc1NC(=O)C,,,
c1cc(ccc1C(c1ccc(cc1)Cl)C(Cl)(Cl)Cl)Cl,,,
CC1CC(=O)O1,,,
Cc1c(cc(cc1)[N+](=O)[O-])C,,,
CC(C)c1c(c(ccc1)C(C)C)O,,,
CC(=O)OC,,,
CC1CCc2c(C1)occ2C,,,
c1cc(ccc1NC(=O)N)[As](=O)(O)O,,,
c12c(c(c(c(c1Br)Br)Br)Br)C(=O)OC2=O,,,
CC1=CCC(CC1=O)C(=C)C,,,
c1c(cc(c(c1Cl)Cl)Cl)Cl,,,
C(CS(=O)(=O)O)N,,,
C1Nc2cc(c(cc2S(=O)(=O)N1)S(=O)(=O)N)Cl,,,
CCCCCCCCCCCCOS(=O)(=O)[O-],,,
CC1(C(N2C(S1)C(C2=O)NC(=O)C(c1ccccc1)N)C(=O)O)C,,,
CC(=O)Nc1ccc(cc1)O,,,
Cc1ccc(cc1)OP(=O)(Oc1ccc(cc1)C)Oc1ccc(cc1)C,,,
C1CNC(=S)N1,,,
Cc1cn(c(=O)[nH]c1=O)C1C=CC(O1)CO,,,
CCCOC(=O)c1ccc(cc1)O,,,
CCCCC(CC)CN,,,
CCC(=O)C,,,
Cc1ccccc1OCC1CO1,,,
c1ccc(cc1)N=Nc1ccccc1,,,
c1cc(c(cc1[N+](=O)[O-])[N+](=O)[O-])O,,,
C1c2c(c(ccc2)O)C(=O)c2c1cccc2O,,,
C(CCO)CO,,,
CC(C(=O)O)O,,,
CN(C)c1ccccc1,,,
c1c(c(cc(c1Cl)Cl)Cl)c1cc(c(cc1Cl)Cl)Cl,,,
CCn1cc(c(=O)c2c1nc(cc2)C)C(=O)O,,,
c1c(oc(c1)C=O)CO,,,
Cc1c(ccc(c1)Cl)O,,,
c1ccc(cc1)C(=O)OCC(COC(=O)c1ccccc1)(COC(=O)c1ccccc1)COC(=O)c1ccccc1,,,
CC(C)[N+](=O)[O-],,,
c1c(c(cc(c1Cl)[N+](=O)[O-])O)N,,,
CC1(CC(CC(C1)(C)CN=C=O)N=C=O)C,,,
C1CC2C(O2)CC1C1CO1,,,
c1cc(ccc1N)Br,,,
C=CCc1cc2c(cc1)OCO2,,,
c1ccc(cc1)COP(=O)(O)OCc1ccccc1,,,
CCO,,,
CC1CC2=C(CC1(C)C(=O)C)C(CCC2)(C)C,,,
COC1=CC(=O)OC(C1)C=Cc1ccccc1,,,
CCC(C)(C)C(=O)O,,,
Cc1cc(cc(c1)[N+](=O)[O-])C,,,
C1CC(OC1CO)n1cnc2c1ncnc2N,,,
CCN(CC)CCO,,,
CC(=O)Oc1ccccc1C(=O)O,,,
COc1c2ccc(=O)oc2cc2c1cco2,,,
CCCNC(=O)NS(=O)(=O)c1ccc(cc1)Cl,,,
CCCCCCc1c(cc(cc1)O)O,,,
CCCCCCCCCCCCCCCCCC(=O)O,,,
C(CNCCNCCN)N,,,
CC12CCC(=O)C=C1CCC1C2C(CC2(C1CCC2C(=O)CO)C)O,,,
CC(=CCCC(C)(C=C)O)C,,,
CN(C)C(=O)Cl,,,
CCNS(=O)(=O)c1ccc(cc1)C,,,
CCOC(=O)c1ccccc1N,,,
COc1c(cc(cc1)CC=C)OC,,,
C(C(CBr)Br)Cl,,,
CC(C)COC(=O)C(=C)C,,,
CC(=O)CC(=O)Nc1ccccc1,,,
CCC1CO1,,,
CC(C)CC(=O)C,,,
c1cc(cc(c1)N)N,,,
c1ccc(cc1)Br,,,
C1CCOC1,,,
Cc1cc(c(cc1C)N)C,,,
c1ccc2c(c1)Oc1ccccc1S2,,,
CN(C)CCOC(c1ccccc1)c1ccccc1,,,
c1c(c(c(c(c1Cl)Cl)Cl)Cl)Cl,,,
C(C(CCl)Cl)O,,,
C=CCn1c(=O)n(c(=O)n(c1=O)CC=C)CC=C,,,
COC(=O)CS,,,
CCCCC(CC)COC(=O)c1ccccc1C(=O)O,,,
CCCCC(CC)COC(=O)C(=C(c1ccccc1)c1ccccc1)C#N,,,
Cc1c(c2c(cc1)C(=O)c1ccccc1C2=O)[N+](=O)[O-],,,
C1Oc2c(O1)cc(cc2)O,,,
c1ccc(c(c1)C(=O)O)N,,,
c1cnc(cn1)C(=O)N,,,
Cc1c(ccc(c1)O)Cl,,,
CCNc1nc(nc(n1)Cl)NC(C)C,,,
COC(=O)c1ccccc1O,,,
CC(=O)NS(=O)(=O)c1ccc(cc1)N,,,
CC12C(C=CC3(C1C(C14C3CCC(C1)(C(=C)C4)O)C(=O)O)OC2=O)O,,,
C=C(CCl)Cl,,,
CC(C)(c1cc(c(c(c1)Br)O)Br)c1cc(c(c(c1)Br)O)Br,,,
CCC(C)(C)c1ccc(cc1)O,,,
Cc1c(c(ccc1)N)C,,,
CC1CCC(=C(C)C)C(=O)C1,,,
c1cc2c(cc1[N+](=O)[O-])[nH]cn2,,,
COc1c(cc(cc1)[N+](=O)[O-])N,,,
c1cc(ccc1C(=O)O)C(=O)O,,,
c1ccc(c(c1)Nc1nc(nc(n1)Cl)Cl)Cl,,,
c1ccc(cc1)NC(=Nc1ccccc1)N,,,
c1ccc(cc1)NC=O,,,
Cc1ccc(cc1)C#N,,,
C=CCBr,,,
C#CCO,,,
c1cocc1,,,
C(CCC#N)CC#N,,,
c1ccc(c(c1)C(=O)O)Cl,,,
CCOC(=O)C1C(O1)c1ccccc1,,,
COC(=O)c1ccccc1N,,,
CCCCOC(=O)C=C,,,
CC1=CC(Nc2ccccc12)(C)C,,,
c1ccc(cc1)N=[N+](c1ccccc1)[O-],,,
Cc1c(c(ccc1)C)O,,,
c1ccc(c(c1)CCl)[N+](=O)[O-],,,
CCOC(C)(C)C,,,
Cc1cscn1,,,
Cc1c(c2ccccc2cc1)[N+](=O)[O-],,,
CC(C)NC(=O)C=C,,,
CC(=O)c1c(c(c(cc1)Cl)Cl)Cl,,,
COc1ccc(cc1)C=O,,,
c1cc(c(cc1[N+](=O)[O-])OCCO)NCCO,,,
CCCCC(=O)N(C)C,,,
C(CSSCCC(=O)O)C(=O)O,,,
c1cc(ccc1/C=C/C(=O)O)/C=C/C(=O)O,,,
C(CC(=O)O)C(=O)C(=O)O,,,
CCCCO,,,
c1ccncc1,,,
c1ccc2c(c1)C=Cc1ccccc1N2C(=O)N,,,
c1ccc2c(c1)[nH]c(n2)c1cscn1,,,
CCN(CC)N=O,,,
C1(=C(C(C(=C1Cl)Cl)(Cl)Cl)Cl)Cl,,,
CC(C)C#N,,,
Cc1c(cccc1Cl)N,,,
c1ccc(c(c1)O)Cl,,,
c1cc(c(cc1S(=O)(=O)O)N)O,,,
c1cscc1,,,
c1cc(ccc1N)Sc1ccc(cc1)N,,,
COc1ccc(cc1)O,,,
C1CCC2C(C1)O2,,,
COc1ccc(cc1)C(=C(c1ccc(cc1)OC)Cl)c1ccc(cc1)OC,,,
Cc1ccc(cc1)CO,,,
c1ccc(c(c1)C(=O)N)[N+](=O)[O-],,,
c1cc(cc(c1)I)[N+](=O)[O-],,,
C(CO)N(CCO)N=O,,,
CCCCCCCCOc1ccc(cc1)C(=O)O,,,
CC(CCC#N)C#N,,,
CC(CCl)O,,,
CC(C)C(C)(C)C(C)(C)C(C)(C)S,,,
CC(C)OC(=O)Cc1ccccc1,,,
c1c(oc(c1)C(=O)O)CO,,,
CO[Si](CCCNCCC[Si](OC)(OC)OC)(OC)OC,,,
C(/C=C/CBr)Br,,,
c1ccc(cc1)/C=C\c1ccccc1,,,
CCC(CC(C(C(C(C(C)Cl)Cl)Cl)Cl)Cl)Cl,,,
Cc1c(cc(cc1)S(=O)(=O)[O-])C,,,
CC12CCC(=O)C=C1CCC1C2CCC2(C1CCC2=O)C,,,
CC(C)CO,,,
c1cc(ccc1S(=O)(=O)c1ccc(cc1)Cl)Cl,,,
c1cc(c(c(c1)Cl)C=O)Cl,,,
c1ccc(c(c1)C(F)(F)F)Cl,,,
c1ccc(cc1)Nc1cccc2ccccc12,,,
c1ccc2cc(ccc2c1)Cl,,,
Cc1ccccc1Br,,,
C(C(CCl)O)Cl,,,
c1cc(c(cc1[N+](=O)[O-])[N+](=O)[O-])N,,,
c1cc(cc(c1)[N+](=O)[O-])C(F)(F)F,,,
c1cc(ccc1N)[N+](=O)[O-],,,
c1ccc(cc1)Nc1cc(ccc1)O,,,
Cc1cc(cc(c1)N)C,,,
c1ccc(cc1)C(C(=O)c1ccccc1)O,,,
CCOC(=O)C,,,
Cc1ccccc1C(=O)N,,,
Cc1cc(cc(c1O)[N+](=O)[O-])[N+](=O)[O-],,,
CCCCCCCCCCCCCC(=O)O,,,
Cc1c(c2ccccc2cc1)C,,,
C=CCCC#N,,,
CCC([N+](=O)[O-])Cl,,,
COCC(=O)O,,,
CCN(C(=O)N)N=O,,,
CC(COC(=O)C(=C)C)O,,,
c1cc(c(c(c1Cl)O)Cl)Cl,,,
C(CCCN)CCN,,,
CC(=O)CCc1ccccc1,,,
CC(C)(C)OCC1CO1,,,
CCOP(=S)(OCC)SCSC(C)(C)C,,,
c1cc2c(c(c1)Cl)nc(s2)N,,,
CC(=O)Nc1ccc(cc1)N,,,
Cc1cc(cc(c1)OP(=O)(Oc1cc(cc(c1)C)C)Oc1cc(cc(c1)C)C)C,,,
CC12CC1(C(=O)N(C2=O)c1cc(cc(c1)Cl)Cl)C,,,
C1CC(OC1CO)n1cnc2c1[nH]cnc2=O,,,
CCCCC(CC)COC(=O)COc1c(cc(cc1)Cl)Cl,,,
C=Cc1ccc(cc1)C=C,,,
C1C(OC(S1)CO)n1ccc(nc1=O)N,,,
CC(C)(C(=O)Nc1cc(c(cc1)[N+](=O)[O-])C(F)(F)F)O,,,
CC(=CCC/C(=C/COC(=O)C)/C)C,,,
C(CO)O,,,
C1CC(=O)Oc2ccccc12,,,
CC(=O)c1ccc(cc1)S(=O)(=O)NC(=O)NC1CCCCC1,,,
CC(C)C(=O)Nc1cc(c(cc1)[N+](=O)[O-])C(F)(F)F,,,
C1=CC(=O)C=CC1=O,,,
CC1CC2C3CCC4=CC(=O)C=CC4(C3(C(CC2(C1(C(=O)CO)O)C)O)F)C,,,
c1cc(ccc1C(=O)O)[N+](=O)[O-],,,
CCc1ccc(cc1)C(c1ccc(cc1)CC)C(Cl)Cl,,,
C(=O)(C(Cl)(Cl)Cl)O,,,
CC[N+](=O)[O-],,,
C(C(=O)O)(Cl)Cl,,,
Cc1c(c(ccc1)[N+](=O)[O-])C,,,
c1ccc2c(c1)cccc2CC(=O)O,,,
CC(C)(C)c1ccccc1O,,,
c1c(c(cc(c1Cl)Cl)Cl)[N+](=O)[O-],,,
CCc1ccccc1O,,,
CCCCOC(=O)c1ccc(cc1)O,,,
Cc1ccccc1C,,,
Cc1c(ccc(c1)OC)N,,,
c1ccc(cc1)CCBr,,,
CC(C)CC(C)N,,,
CCCCCCC(=O)O,,,
CCCCCCC=C,,,
COCCOC(=O)c1ccccc1C(=O)OCCOC,,,
CCOc1ccc(cc1)N,,,
CC(CCC(=O)O)C1CCC2C1(CCC1C2CCC2C1(CCC(C2)O)C)C,,,
c1cc2c(cc1S(=O)(=O)O)c(c(cc2[N+](=O)[O-])[N+](=O)[O-])O,,,
C(=O)(N)NN,,,
c1cc(cc(c1)O)N,,,
CC(C)(C(=O)O)O,,,
Cc1c(c(ccc1)[N+](=O)[O-])[N+](=O)[O-],,,
c1cc(c(cc1Cl)Cl)[N+](=O)[O-],,,
CCCCCC[N+](=O)[O-],,,
c1ccc(cc1)CCN=C(N)N=C(N)N,,,
c1ccc2c(c1)[nH]c(n2)N,,,
CC(=O)c1ccccn1,,,
CC(C)(C)OC,,,
CCCCCCCCc1ccc(cc1)O,,,
Cc1c(c(ccc1)[N+](=O)[O-])C(=O)O,,,
c1cc(ccc1C(=O)NCC(=O)O)[N+](=O)[O-],,,
CC(C)(C)c1ccc(cc1)OCC1CO1,,,
c1ccc(cc1)OCCO,,,
CC(C)CCOC(=O)C,,,
c1cc2c3c(c1)ccc1cccc(c31)cc2,,,
CCCCCCCCC(=O)OCC=C,,,
c1cc(ccc1CCN)O,,,
CN(C)c1ccc(cc1)C1(c2c(cc(cc2)N(C)C)C(=O)O1)c1ccc(cc1)N(C)C,,,
C(=C\C(=O)O)/C(=O)O,,,
CC(=O)c1nccs1,,,
c1ccc2c(c1)[nH]c(=S)[nH]2,,,
C/C=C\c1ccc(cc1)OC,,,
C(=S)(N)NN,,,
c1cc(c(cc1C=CC(=O)OC(C(C(=O)O)OC(=O)C=Cc1cc(c(cc1)O)O)C(=O)O)O)O,,,
C/C(=C\C=C\C=C(/C)\C=C\C=C(\C)/C=C/C(=O)O)/C=C/C=C(\C)/C=C/C(=O)O,,,
CC(CCC(=O)[O-])C1CCC2C1(C(CC1C2CCC2C1(CCC(C2)O)C)O)C,,,
CC(=O)NCCc1c[nH]c2c1cc(cc2)OC,,,
CCCCOCCOCCOCc1cc2c(cc1CCC)OCO2,,,
CCOS(=O)(=O)C,,,
c1cc(ccc1C(=O)O)Cl,,,
Cc1c(cc(c(c1[N+](=O)[O-])OC)C(C)(C)C)[N+](=O)[O-],,,
c1cc(c(c(c1)Cl)O)Cl,,,
CCC(C)c1ccccc1O,,,
COc1ccccc1N,,,
COc1ccccc1[N+](=O)[O-],,,
CCOc1cc2c(cc1)nc(s2)N,,,
Cc1cc(c(cc1)N)C,,,
c1cc(c(cc1Cl)N)Cl,,,
C1CCC(C1)O,,,
Cc1ccc(cc1)N(C)C,,,
CC(=O)c1ccc(cc1)[N+](=O)[O-],,,
c1cc(ccc1Cc1ccc(cc1)N=C=O)N=C=O,,,
CCNc1ccccc1,,,
CCCCC(CC)CNCC(CC)CCCC,,,
CCCCCCCCN,,,
CCCCOCCOCCOCCCC,,,
Cc1ccccc1C(=O)O,,,
CCOc1c(ccc(c1)C=O)O,,,
c1c(sc(n1)N)[N+](=O)[O-],,,
CC(CCC=C(C)C)CCO,,,
c1ccc(c(c1)C(=O)O)[N+](=O)[O-],,,
CCOc1cccc(c1)N,,,
CC(CC(C)O)O,,,
CC(C)N=C=NC(C)C,,,
COc1ccc(cc1)N=[N+](c1ccc(cc1)OC)[O-],,,
C=CCCCCCCC=C,,,
CCCCC(CC)C=O,,,
CCCCOP(=O)(OCCCC)OCCCC,,,
CC(C)NCC(COc1cccc2ccccc12)O,,,
CN(C)CCCCl,,,
C=CCNC(=S)N,,,
C(CNC(=S)[S-])NC(=S)[S-],,,
C1C(C(C(CC1(C(=O)O)O)OC(=O)C=Cc1cc(c(cc1)O)O)O)O,,,
Cc1ccccc1O,,,
c1c2-c(ncnc2=O)[nH][nH]1,,,
CCCCCCCCCC(=O)O,,,
c1ccc2c(c1)ccc1cc3c(ccc4ccccc34)cc21,,,
Cc1c(c(=O)n(n1C)c1ccccc1)N(C)C,,,
CCBr,,,
CC(=C)C=C,,,
CCOC(=O)c1ccccc1C(=O)OCC,,,
c1ccc(cc1)N(c1ccccc1)N=O,,,
C(=C(Cl)Cl)(C(=C(Cl)Cl)Cl)Cl,,,
Cc1ccccc1[N+](=O)[O-],,,
Cc1cc(c(cc1)C)O,,,
CC(C)c1ccccc1,,,
CN(C)c1cc(ccc1)O,,,
CC1=CCC(CC1O)C(=C)C,,,
Cc1ccc(cc1)[N+](=O)[O-],,,
CCc1ccccc1,,,
c1cc(ccc1N)Cl,,,
CC(C)NC(C)C,,,
c1ccc(cc1)Cl,,,
CN(C)CCCCCCN(C)C,,,
c1cc(c(cc1F)F)N,,,
C([N+](=O)[O-])([N+](=O)[O-])([N+](=O)[O-])[N+](=O)[O-],,,
CC(C)CON=O,,,
CC(=O)OCC=C,,,
c1cc(c(cc1[N+](=O)[O-])N)C(=O)O,,,
COC(=O)CCCCC(=O)OC,,,
COc1c(c2c[n+]3c(-c4cc5c(cc4CC3)OCO5)cc2cc1)OC,,,
C=Cc1ccccc1Cl,,,
C(C(C(CC(=O)O)C(=O)O)C(=O)O)C(=O)O,,,
CCSC(=O)Cl,,,
C1CCC(CC1)N=C=O,,,
CCC(C(C)(C)C)O,,,
C1CC(OC1CO)n1ccc(nc1=O)N,,,
c1cc(c(cc1Cl)Cl)C(Cl)(Cl)Cl,,,
C=Cc1ccccc1C=C,,,
c1ccc(cc1)SCCSc1ccccc1,,,
c1ccc(cc1)C(=O)OC(C(C(=O)O)OC(=O)c1ccccc1)C(=O)O,,,
CC(Cc1ccc(cc1)C(C)(C)C)C=O,,,
c1ccc(cc1)/C=C/C=O,,,
CC/C(=N/O)/C,,,
C/C(=C/c1ccccc1)/C=O,,,
CCCCCCCC(=O)O,,,
c1c(cc(c(c1Br)O)Br)Br,,,
COc1c(ccc(c1)CC=C)O,,,
CCCCC1C(=O)N(N(C1=O)c1ccccc1)c1ccccc1,,,
CC(C)NCC(c1cc(c(cc1)O)O)O,,,
CC12CCC3C(C1CCC2O)CCC1=CC(=O)CCC31C,,,
Cc1ccc(cc1)S(=O)(=O)N,,,
CCC(C)(C)C,,,
C=CC(=O)N,,,
CC(C)(c1ccc(cc1)O)c1ccc(cc1)O,,,
c1ccc2c(c1)ccc(n2)C1C(=O)c2ccccc2C1=O,,,
c1ccc(c(c1)[N+](=O)[O-])Cl,,,
Cc1cc(c(cc1)[N+](=O)[O-])C,,,
C(C(CCl)Cl)Cl,,,
CC(=C)c1ccccc1,,,
c1cc(cc(c1)[N+](=O)[O-])[N+](=O)[O-],,,
CCC[N+](=O)[O-],,,
Cc1cc(ccc1)C,,,
Cc1cc(cc(c1)O)C,,,
C1(C(C2(C(=C(C1(C2(Cl)Cl)Cl)Cl)Cl)Cl)C(=O)O)C(=O)O,,,
CC1CC(CC(C1)(C)C)OC(=O)c1ccccc1O,,,
c1cc(cc(c1)S(=O)(=O)O)N,,,
C=CCOC(=O)c1ccccc1C(=O)OCC=C,,,
c1ccc2c3c4c(-c5ccccc5-c4cc2c1)ccc3,,,
CCCCC=C,,,
c1cc(ccc1C=O)C(=O)O,,,
c1cc(c(c(c1Cl)Cl)Cl)Cl,,,
c1ccc(cc1)c1ccccc1Br,,,
CCCCC(CC)COC(=O)c1cc(c(cc1)C(=O)OCC(CC)CCCC)C(=O)OCC(CC)CCCC,,,
COc1c2c(ccc1)sc(n2)N,,,
c1cc(c(cc1C=O)Cl)Cl,,,
c1cc(c(cc1C(Cl)(Cl)Cl)Cl)Cl,,,
c1ccc(cc1)NNc1ccccc1,,,
CCC(C)(C)OC,,,
CC(C)N(C)C,,,
Cc1nc2c([nH]1)cc(cc2)Cl,,,
CC(=O)OC(c1ccccc1)C(=O)c1ccccc1,,,
CCOc1cc(c(cc1C(=O)C)OCC)OCC,,,
CC(=O)/C=C/c1ccccc1,,,
C/C=C/1\CC2CC1C=C2,,,
C[NH+](C)CCC(c1ccccc1)c1cccc[nH+]1,,,
C(C(=O)O)Cl,,,
CC1(C2CCC(O1)(CC2)C)C,,,
Cc1c(c2c(n1C(=O)c1ccc(cc1)Cl)ccc(c2)OC)CC(=O)O,,,
COc1cc(c(cc1)C(=O)c1ccccc1)O,,,
CCCCNC(=O)NS(=O)(=O)c1ccc(cc1)C,,,
c1c(cc(cc1Cl)Cl)C(=O)O,,,
CC(C)(C)OO,,,
C1C=CC2C1C1CC2C=C1,,,
CC(=C)C(=O)N,,,
c1ccc2c(c1)ccc1c2cccn1,,,
c1ccc(c(c1)C=O)Cl,,,
C1CNCc2ccccc12,,,
COc1c(ccc(c1)c1cc(c(cc1)N=C=O)OC)N=C=O,,,
c1c(c(cc(c1Cl)Cl)Cl)O,,,
c1ccc(cc1)C(Cl)Cl,,,
c1cc(cc(c1)[N+](=O)[O-])N,,,
CC(=O)Nc1cccc(c1)N,,,
CCOC(=O)OCC,,,
COC(=O)CCC(=O)OC,,,
CC(C)(CCC(C)(C)O)O,,,
CCCCCCO,,,
CCCCOCCOCCSC#N,,,
c1cc(ccc1N)S(=O)(=O)O,,,
Cc1cc(c(cc1)[N+](=O)[O-])[N+](=O)[O-],,,
CCOCC(=O)O,,,
Cc1c(cccc1[N+](=O)[O-])C(=O)O,,,
CCSC(=O)N1CCCCCC1,,,
CCCCOCC1CO1,,,
c1cc(c(c(c1)Cl)Cl)[N+](=O)[O-],,,
CC(C)Cc1nccs1,,,
C(C1C2C(C(C(O1)OC1C(OC(C(C1O)O)OC1C(OC(C(C1O)O)OC1C(OC(C(C1O)O)OC1C(OC(C(C1O)O)OC1C(OC(O2)C(C1O)O)CO)CO)CO)CO)CO)O)O)O,,,
c1cc(ccc1c1coc2c(c1=O)ccc(c2)O)O,,,
C(C(C(C(C(CBr)O)O)O)O)Br,,,
C/C=C/CC#N,,,
CC(C)(/C=N/OC(=O)NC)SC,,,
c1cc(cc(c1)Cl)C(=O)O,,,
Cc1ccc(cc1)O,,,
CC(=O)OCC(COC(=O)C)OC(=O)C,,,
C[N+](C)(C)Cc1ccccc1,,,
C(C(Cl)(Cl)Cl)(Cl)(Cl)Cl,,,
CC(C)C=O,,,
Cc1ccc(cc1)S(=O)(=O)NC1CCCCC1,,,
Cc1c(c(ccc1)C)[N+](=O)[O-],,,
CCN(c1ccccc1)C(=O)N(CC)c1ccccc1,,,
c1ccc(cc1)c1ccccc1N,,,
c1cc(ccc1c1ccc(cc1)N)N,,,
CCCC(C(CC)CO)O,,,
COC(=O)C=C,,,
CC1=CCC(CC1OC(=O)C)C(=C)C,,,
c1ccc(cc1)[N+](=O)[O-],,,
CNc1ccc(cc1)[N+](=O)[O-],,,
c1ccc(cc1)CBr,,,
CCC#N,,,
CC(=C)OC(=O)C,,,
c1c(cc(cc1Cl)Cl)Cl,,,
C(CC#N)C#N,,,
c1cc(c(cc1C(F)(F)F)[N+](=O)[O-])Cl,,,
c1ccc2c(c1)nc(s2)N,,,
C1COC1,,,
Cc1ccccc1C#N,,,
COc1cccc(c1)N,,,
c1ccc(cc1)c1cc(ccc1)Br,,,
c1cc(c(cc1N)N)[N+](=O)[O-],,,
C1CNP(=O)(OC1)N(CCCl)CCCl,,,
c1ccc(cc1)CC(=O)OCc1ccccc1,,,
CSc1ccc(cc1)C=O,,,
CN(C)CCCNCCCN,,,
CC(COC(C)(C)C)O,,,
c1cc(ccc1C(CN)O)O,,,
C/C(=C/CCl)/Cl,,,
CCNC(=S)NCC,,,
CCCCC/C=C\C/C=C\CCCCCCCC(=O)O,,,
CCC(=O)/C=C/C1C(=CCCC1(C)C)C,,,
