smiles,Cla
Cc1cc(c(cc1)C)[N+](=O)[O-],train
CCOC(=O)N1CCN([C@@H]2O[C@@H]3O[C@@]4(C)CC[C@H]5[C@H](C)CC[C@@H]([C@H]2C)[C@@]35OO4)CC1,train
c1cc(c(cc1Cl)Cl)OCC(=O)O,train
COc1ccc(c2coc3cc(OC(C)C)ccc3c2=O)cc1N(CCCl)CCCl,train
COc1ccc(c2cocc2c2cc(OC)c(OC)c(OC)c2)cc1N,train
CN(C)c1ccc(cc1)N,train
Cc1c(cc(cc1)N)Cl,train
C(=C\c1ccc(OCCCCCCCCCC[P+](c2ccccc2)(c2ccccc2)c2ccccc2)cc1)/c1ccccc1,train
c1ccc2cc(ccc2c1)Cl,train
C[C@]12CC[C@H]3[C@@H](CC=C4C[C@@H](OC(=O)Cn5cc(CN6C(=O)C(=O)c7cc(Br)ccc67)nn5)CC[C@]34C)[C@@H]1CCC2=O,train
CC(CCC(=O)[O-])C1CCC2C1(C(CC1C2CCC2C1(CCC(C2)O)C)O)C,train
CN1CCc2cc3c(cc2C1C1c2c(c(c(cc2)OC)OC)C(=O)O1)OCO3,train
c1ccnc(c1)NS(=O)(=O)c1ccc(cc1)N/N=C\1/C=CC(=O)C(=C1)C(=O)O,train
c1ccc(cc1)CO,train
CN(CCCl)CCCl,train
CCCCCCOC(=O)NCCc1nc(c2ccc(c3ccccc3)cc2)c[nH]1,train
CC(Cn1ncc2c(Nc3cc(O)ccc3Cl)nc(NCCN)nc12)c1ccccc1,train
Nc1nccc(c2c[nH]c3cc(Br)ccc23)n1,train
COc1cc2c(-c3nc(NC(=O)C4CCN(Cc5ccccc5)CC4)sc3C2)cc1OC,train
CN1CCN(CCCOc2ccc3c4c(-c5ccccc5C3=O)nccc24)CC1,train
CCCCCOC(=O)c1ccccc1C(=O)OCCCCC,train
CCC1C=Cc2c(cc(C)oc2=O)O1,train
CCC(C)c1ccccc1O,train
Cc1cc(c(cc1)[N+](=O)[O-])N,train
CCCOc1ccnc2[nH]cc(c3ccnc(N)n3)c12,train
CC(CC(C)O)O,train
CC/C(=N/O)/C,train
CCOc1ccnc2[nH]cc(c3ccnc(N)n3)c12,train
c1cc(ccc1N/N=C/1\C=CC(=O)C(=C1)C(=O)O)[N+](=O)[O-],train
CC[C@H](CO)Nc1nc(c2ccccc2)c2ncn(C(C)C)c2n1,train
CCNCC,train
CC1CCC(C2=C(CC(C12)OC(=O)C)C)C=C(C)C(=O)O,train
Cc1cc(ccc1)[N+](=O)[O-],train
CCCCC=C,train
CC(C)(O)CC[C@@H]1OC(C)(C)O[C@]1(C)[C@H]1CC=C2C3=CC(=O)[C@@H]4C[C@H]5OC(C)(C)O[C@H]5C[C@]4(C)[C@H]3CC[C@]12C,train
CNc1nc(C)c2cc(c3cnc(OC)c(NS(=O)(=O)c4ccc(F)cc4F)c3)cc(O[C@@H]3CCOC3)c2n1,train
COc1ccc(cc1)O,train
CC(C(O)c1ccc(O)cc1)N1CCC(Cc2ccccc2)CC1,train
Cc1c(cccc1O)C(=O)N[C@@H](CSc1ccccc1)[C@@H](CN1C[C@H]2CCCC[C@H]2C[C@H]1C(=O)NC(C)(C)C)O,train
C1CCC(CC1)(C#N)O,train
CC(C)(C(=O)Nc1cc(c(cc1)[N+](=O)[O-])C(F)(F)F)O,train
c1c(nc(s1)N)CC(=O)O,train
CCCCCCCCCCOC(=O)C(=C)C,train
COc1cc(N2CCC(N)CC2)ccc1Nc1ncc(Cl)c(c2c[nH]c3ccccc23)n1,train
COc1cc(CCc2cc(OC)c(O)c(OC)c2)ccc1O,train
COc1ccc(/C=C/C(=O)/C=C/c2nc3c(C)cccc3n2C)cc1O,train
COc1ccc(c2nonc2c2cc(OC)c(OC)c(OC)c2)cc1[N+](=O)[O-],train
c1cc(c(c(c1)Cl)C(=O)Cl)Cl,train
c1cc(ccc1C(c1ccc(cc1)Cl)(C(Cl)(Cl)Cl)O)Cl,train
CC1CCC(C2=C(CC(C12)O)C)C=C(C)C(=O)O,train
CC(=O)c1c(c(c(cc1)Cl)Cl)Cl,train
CCc1cccc(NC(=O)c2cnn3c(C(F)F)cc(c4ccc(C)cc4)nc23)c1,train
C(=C\C#N)/C#N,train
O=C(Nc1cnn(c2cccc(C(=O)NCC3CCNCC3)c2)c1)Nc1ccccc1Cl,train
COC(=O)c1ccccc1N,train
c1cnc[nH]1,train
c1cc2c(c(c1)N)c(=O)[nH][nH]c2=O,train
C[C@@H]1CC[C@H]2[C@@](C)(C(=O)OCCCCCCOC(=O)[C@@]3(C)O[C@@H]4O[C@@]5(C)CC[C@H]6[C@H](C)CC[C@@H]3[C@@]46OO5)O[C@@H]3O[C@@]4(C)CC[C@@H]1[C@@]23OO4,train
C=C1C(=O)[C@@]23[C@@H](C[C@H](O)[C@@H]1[C@H]2O)[C@]1(C)[C@@H](O)C[C@H](OC(=O)C)C(C)(C)[C@H]1C[C@H]3O,train
C[N+]1(CC(=O)Nc2ccc3-c4nccc5cccc(C(=O)c3c2)c45)CCCC1,train
CC[C@H](CO)Nc1nc(Nc2ccccc2c2ccccc2)c2ncn(C(C)C)c2n1,train
CC[C@H](CO)Nc1nc(NCc2ccccn2)c2ncn(C(C)C)c2n1,train
CN(CCCNC(=O)c1ccccc1)Cc1ccccc1,train
C=C(C)[C@@H]1CCC(=C[C@H]1c1c(O)cc(CCC)cc1O)C,train
CN(CCCNC(=O)c1cccc(Br)c1)Cc1ccccc1,train
COC(=O)c1ccc(cc1)C=O,train
c1cc(ccc1S(=O)(=O)c1ccc(cc1)Cl)Cl,train
CCSCc1ccc2c(c1)c1c3c(c4c5cc(CSCC)ccc5n5c4c1n2[C@H]1C[C@](O)(C(=O)OC)[C@]5(C)O1)CNC3=O,train
Cc1c(n(c(c1)CC(=O)[O-])C)C(=O)c1ccc(cc1)Cl,train
c1cc(ccc1C(=C(Cl)Cl)c1ccc(cc1)Cl)Cl,train
CN(C)C(=O)Nc1ccc(cc1)Cl,train
C(CCO)CO,train
CCOS(=O)(=O)C,train
Cc1cc(c2c(c1)C(=O)c1c(C2=O)c(ccc1)O)O,train
Cc1c(c2ccccc2cc1)C,train
COc1ccc2c(c1CC=C(C)C)C=C(C)OC2,train
CC[C@H](CO)Nc1nc(Nc2ccc(c3ccncc3)cc2)c2ncn(C(C)C)c2n1,train
O=C1c2ccccc2-c2nccc3c(OCCCN4CCCCC4)ccc1c23,train
COc1cc([C@@H]2c3cc4c(cc3[C@@H](Nc3nnco3)[C@H]3COC(=O)[C@H]23)OCO4)cc(OC)c1OC,train
c1cc(ccc1C(=O)O)S(=O)(=O)N(Cl)Cl,train
C[C@]12CC[C@H]3[C@@H](CC=C4C[C@@H](OC(=O)Cn5cc(CN6C(=O)C(=O)c7cc(Cl)ccc67)nn5)CC[C@]34C)[C@@H]1CCC2=O,train
O=C(NCc1ccco1)C1CCN(Cc2ccccc2)CC1,train
CC12CCC(=O)CC1CCC1C2CCC2(C1CCC2O)C,train
c1ccc2c(c1)c1cccc3c1c1c(cccc21)cc3,train
CC(C)n1cnc2c(Nc3cccc(c4ccccn4)c3)nc(NC(C)(C)CO)nc12,train
C1(C(C2(C(=C(C1(C2(Cl)Cl)Cl)Cl)Cl)Cl)C(=O)O)C(=O)O,train
CC/C=C/C#N,train
CC1(C(N2C(S1)C(C2=O)NC(=O)C(c1ccccc1)N)C(=O)O)C,train
Clc1cnc2nc1Nc1cccc(c1)Nc1ncc(Cl)c(n1)Nc1cccc(c1)N2,train
CC(C)(C)OC=O,train
C1CCC(CC1)NC1CCCCC1,train
C(=O)(N)/N=N/C(=O)N,train
COC(=O)CCCN1C(=O)[C@]23O[C@]4(O)[C@@H](O)C(=O)N5C(C)(C)[C@H](Cc6cccc1c26)[C@H]3[C@]45O,train
O=C(N/N=C/c1ccc(F)cc1)c1ccc(CN2CCCC(O)C2)cc1,train
CCCCOC(=O)c1ccc(cc1)O,train
C1CCC2CCCCC2C1,train
Cc1c(c(=O)n(n1C)c1ccccc1)N(C)C,train
C1(=C(C(=O)C(=C(C1=O)Cl)Cl)Cl)Cl,train
O=[N+]([O-])c1ccc(COc2ccc(Nc3ncnc4cc5c(cc34)OCCOCCO5)cc2)cc1,train
CCOC(=O)C1=C(CC)NC(=CC1c1ccccc1)c1ccccc1,train
CCCNC(=O)NS(=O)(=O)c1ccc(cc1)Cl,train
COc1cc(c2cc(NC(=O)Nc3ccc(OCCN(C)C)cc3)cc(OC)c2OC)ccc1/C(=N/O)/C,train
CCN(CC)CCC(=O)Nc1ccc2-c3nccc4cccc(C(=O)c2c1)c34,train
COc1ccc(cc1)OC,train
Cc1n[nH]c(O)c1C(c1cccc(OCc2ccc(F)cc2)c1)c1c(O)n[nH]c1C,train
C(/C=C/Cl)Cl,train
COc1cc2c(cc1)nc(s2)N,train
CCCCC[C@H](O)CCCCCCCCCCCc1cc(O)cc(O)c1C(=O)O,train
c1ccc(cc1)CC(=O)OCc1ccccc1,train
c1ccc(cc1)c1ccccc1,train
c1(c(c(nc(c1Cl)Cl)C(=O)O)Cl)N,train
CCCCCC/C(=C\c1ccccc1)/C=O,train
c1ccc(COc2ccc(Nc3ncnc4cc5c(cc34)OCCOCCOCCO5)cc2)cc1,train
CC(C)COC(=O)C=C,train
CO[C@@H](CC(=C1C(=O)NC(=C(C)C)C1=O)Nc1ccccc1)C[C@H](C)O,train
CCOc1ccc(cc1)N,train
Cc1cc(c(cc1)C)OCCCC(C)(C)C(=O)O,train
COc1cc2c(Nc3ccc(C#N)cc3)ncnc2cc1OCCCN1CCCCC1,train
CCCCOP(=O)(OCCCC)OCCCC,train
CCN(CC)C(=O)O/N=C\1/C(=C\2/C(=O)Nc3cc(Br)ccc23)/Nc2ccccc12,train
COc1ccc(c2coc3cc(OCC=C(C)C)ccc3c2=O)cc1N(CCCl)CCCl,train
C(SC#N)SC#N,train
C[C@@H](Oc1cc(c2ccn(CCN(C)C)c(=O)c2)cnc1N)c1c(Cl)ccc(F)c1Cl,train
Cc1c(cccc1[N+](=O)[O-])C(=O)O,train
COc1cc([C@@H]2c3cc4c(cc3[C@@H](Nc3nnc(c5ccccc5)o3)[C@H]3COC(=O)[C@H]23)OCO4)cc(OC)c1OC,train
CCCCOC(=O)c1ccccc1C(=O)OCc1ccccc1,train
CC(C)N=C=NC(C)C,train
CCOCCOC(=O)C,train
C/C(=C/CCl)/Cl,train
COC(=O)CCCCC(=O)OC,train
C=CC(=O)N,train
CC(COC(=O)C(=C)C)O,train
C(/C=C/CCl)Cl,train
COc1c(cc(cc1)C=O)OC,train
COC1=CC(=O)OC(C1)CCc1ccccc1,train
FC(F)(F)c1ccc(COc2ccc(Nc3ncnc4cc5c(cc34)OCCOCCO5)cc2)cc1,train
COS(=O)(=O)C,train
CC[C@H](CO)Nc1nc(NCc2ccccc2)n2ncc(C(C)C)c2n1,train
CCCOC(=O)[C@]12CC[C@@H](C)[C@H](C)[C@H]1C1=CC[C@@H]3[C@@]4(C)CC[C@H](OC(=O)C)C(C)(C)[C@@H]4CC[C@@]3(C)[C@]1(C)CC2,train
c1c(oc(c1)[N+](=O)[O-])/C=N/NC(=O)N,train
CCCCCCc1nc(c2ccc(c3ccccc3)cc2)c[nH]1,train
Cc1c(C)c2c(c(C)c1O)CCC(C)(C(=O)O)O2,train
C=CCOC(=O)c1ccccc1N,train
O=C(CCCCCCCCn1cc(c2cccnc2)nn1)Nc1ccccc1c1ccccc1,train
O=[N+]([O-])c1cc(C(F)(F)F)ccc1NC(CCl)CCl,train
C[C@]12CC[C@H]3[C@@H](CC=C4C[C@@H](OC(=O)Cn5cc(COc6ccc(/C=C/C(=O)c7ccc(F)cc7)cc6)nn5)CC[C@]34C)[C@@H]1CCC2=O,train
c1ccc(cc1)[N+](=O)[O-],train
CCN(C(=O)N)N=O,train
C[N+]1(CCC(=O)Nc2ccc3-c4nccc5cccc(C(=O)c3c2)c45)CCCC1,train
CC(=O)C=C,train
C/C=C/C=C/C(=O)O,train
c1ccc2c(c1)c1ccccc1[nH]2,train
CC[C@H](CO)Nc1nc(NCc2cccc(c3ccccn3)c2)c2ncn(C(C)C)c2n1,train
CN(C)c1cc2c(cc1)nc1-c(cc(=[N+](C)C)cc1)s2,train
CC(CCl)Cl,train
Clc1cccc(C(c2ccc3nc[nH]c3c2)n2ccnc2)c1,train
C[C@]12N[C@H](Cc3ccccc13)c1ccccc21,train
COc1ccc(c2coc3cc(OCCc4ccccc4)ccc3c2=O)cc1N(CCCl)CCCl,train
C=C1C(=O)[C@@]23[C@@H]([C@@H](O)C[C@@H]1[C@H]2O)[C@]1(C)[C@@H](O)CCC(C)(C)[C@H]1C[C@H]3O,train
CCCCC(CC)COC(=O)c1ccccc1C(=O)OCC(CC)CCCC,train
Cc1ccc(cc1)C#N,train
c1ccc(cc1)c1ccccc1[N+](=O)[O-],train
Cc1c(cc(cc1)N)O,train
C(=C\C(=O)Cl)/C(=O)Cl,train
C=C1C(=O)[C@@]23[C@@H](CC(=O)[C@@H]1[C@H]2O)[C@]1(C)CC[C@H](OC(=O)C)C(C)(C)[C@H]1C[C@H]3OC(=O)C,train
C=C1C(C2(C(C(C1(C2(Cl)Cl)Cl)Cl)Cl)Cl)(CCl)CCl,train
C[C@]12CC[C@H]3[C@@H](CC=C4C[C@@H](OC(=O)Cn5cc(CNc6ccc(Br)cc6)nn5)CC[C@]34C)[C@@H]1CCC2=O,train
CC(C)CCON=O,train
COc1cc(/C=C/C(=O)/C=C/c2nc3c(C)cccc3n2C)ccc1O,train
FC(F)(F)c1ccc(COc2cccc(Nc3ncnc4cc5c(cc34)OCCOCCOCCO5)c2)cc1,train
C=C1C(=O)[C@@]23[C@@H](CC(=O)[C@@H]1[C@H]2O)[C@]1(C)CC[C@H](OC(=O)C)C(C)(C)[C@H]1C[C@H]3O,train
CC1C=CC=CC=CC=CC=CC=CC=CC(CC2C(C(CC(O2)(CC(CC(C(CCC(CC(CC(=O)OC(C(C1O)C)C)O)O)O)O)O)O)O)C(=O)O)OC1C(C(C(C(O1)C)O)N)O,train
CC(C)(O)CC[C@@H]1OC(C)(C)O[C@]1(C)[C@H]1CC[C@@]2(O)C3=CC(=O)[C@@H]4C[C@H]5OC(C)(C)O[C@H]5C[C@]4(C)[C@H]3CC[C@]12C,train
c1c(c(c(c(c1Cl)Cl)[N+](=O)[O-])Cl)Cl,train
CN1CCN(CCO/N=C\2/C(=C\3/C(=O)Nc4cc(Br)ccc34)/Nc3ccccc23)CC1,train
C(=S)(N)NNC(=S)N,train
c1cc(c(cc1Cl)N)Cl,train
c1cscc1,train
C=C1C(=O)[C@@]23[C@@H]([C@@H](O)C[C@@H]1[C@H]2O)[C@]1(C)CCC[C@](C)(CO)[C@H]1C[C@H]3O,train
CCCCCCc1nc(c2ccc(CC(C)C)cc2)c[nH]1,train
CN(C)CCO/N=C\1/C(=C\2/C(=O)Nc3cc(Br)ccc23)/Nc2ccccc12,train
Fc1cnc2nc1Nc1cccc(c1)Nc1ncc(Cl)c(n1)Nc1cccc(c1)N2,train
CC(C)n1cnc2c(NCc3ccc(c4ccccn4)cc3)nc(N[C@@H]3CCC[C@H](O)[C@@H]3O)nc12,train
CC(=O)[C@H]1CC[C@@H]2[C@@]1(CC[C@H]1[C@H]2CCC2=CC(=O)CC[C@]12C)C,train
COc1cc2c(cc1OC)C(=O)/C(=C/C1CCN(Cc3ccccc3)C1)/C2,train
CC(=O)NNc1ccccc1,train
Oc1ccnc2[nH]cc(c3ccncn3)c12,train
CN(C)c1ccc(cc1)N(C)C,train
C[C@@H]1[C@H]2C3=CC[C@@H]4[C@@]5(C)CC[C@H](O)C(C)(C)[C@@H]5CC[C@@]4(C)[C@]3(C)CC[C@@]2(C(=O)O)CC[C@H]1C,train
C=C1C(=O)[C@@]23[C@@H](C[C@H](O)[C@@H]1[C@H]2O)[C@]1(C)CCCC(C)(C)[C@H]1C[C@H]3O,train
c1cc2c(ccc(c2)SSc2cc3c(cc2)cc(cc3)O)cc1O,train
CC(CCC#N)C#N,train
CCCCC/C=C\C/C=C\CCCCCCCC(=O)O,train
c1cc(c(cc1N)Cl)Cl,train
COc1cc(/C=C/C(=O)OCC2CCN(Cc3ccccc3)CC2)ccc1O,train
CC(Cc1ccc(cc1)C(C)(C)C)C=O,train
CC(C)OC(=O)C,train
COc1cc2c(Nc3ccc(C#N)cc3)ncnc2cc1OCCCN1CCC(N(C)C)CC1,train
CCCCC(CC)COCC1CO1,train
c1cc(cc(c1)S(=O)(=O)O)N,train
C=C1C[C@](OC)([C@H](O)C(=O)N[C@H]2OCO[C@H]3[C@@H]2O[C@H](C[C@H](O)CO)C(C)(C)[C@@H]3OC)O[C@H](C)[C@@H]1C,train
C[C@@H]1CC[C@H]2[C@@](C)(C(=O)OCCCCCCCCCCCCOC(=O)[C@@]3(C)O[C@@H]4O[C@@]5(C)CC[C@H]6[C@H](C)CC[C@@H]3[C@@]46OO5)O[C@@H]3O[C@@]4(C)CC[C@@H]1[C@@]23OO4,train
CCCCC[C@@H](CCCCCCCCCCCc1cc(O)cc(O)c1Cc1c(O)c(C)cc(C(=O)C)c1O)OS(=O)(=O)O,train
Cc1c2c(ccc1)sc(n2)N,train
CCn1cc(C(=O)O)c(=O)c2cc(F)c(N3CCN(/C=N/NC(=O)c4cccc(F)c4)CC3)cc12,train
CC(=O)c1nccs1,train
COc1ccc2c(c1)C/C(=C/c1ccccc1c1ccccc1)/C2=O,train
CNCCN(C)C(=O)c1cc(Sc2cnc(Nc3cccc(Br)n3)s2)ccc1C,train
C1c2c(c(ccc2)O)C(=O)c2c1cccc2O,train
C=CCOC(=O)c1ccccc1C(=O)OCC=C,train
C=C1C(=O)[C@@]23C(CC[C@@H]1[C@H]2O)[C@]1(C)CC[C@@H](O)C(C)(C)[C@H]1C[C@H]3O,train
c1cc(c(cc1Br)Br)Oc1cc(c(cc1Br)Br)Br,train
COc1ccc(cc1)C(=C(c1ccc(cc1)OC)Cl)c1ccc(cc1)OC,train
Cc1c(c2c(n1C(=O)c1ccc(cc1)Cl)ccc(c2)OC)CC(=O)O,train
COc1cc([C@@H]2c3cc4c(cc3[C@@H](Nc3nnc(c5cccnc5)o3)[C@H]3COC(=O)[C@H]23)OCO4)cc(OC)c1OC,train
Cc1cc(ccc1)C,train
Cc1cc2c(c(=O)o1)C=C1C(C)(C)CC=CC1(C)O2,train
COc1cc2c(cc1OC)C(=O)C(C(=O)OCC1CN(Cc3ccccc3)C1)C2,train
CC(C)n1cnc2c(NCc3ccc(c4ccccn4)cc3)nc(N3C[C@H](O)C[C@H]3CO)nc12,train
CC(Cn1ncc2c(Nc3cccc(O)c3)nc(NCCO)nc12)c1ccccc1,train
c1ccc(cc1)CCOC(=O)c1ccccc1N,train
c1cc2c(c(c1)Cl)nc(s2)N,train
C=CC1CCC=CC1,train
CCCCCCCC(=O)O,train
COC(=O)C(CO)NC(=O)[C@]12CC[C@@H](C)[C@H](C)[C@H]1C1=CC[C@@H]3[C@@]4(C)CC[C@H](OC(=O)C)C(C)(C)[C@@H]4CC[C@@]3(C)[C@]1(C)CC2,train
CN(Cc1ccccc1)Cc1ccc(/C=C/2\Cc3ccc(OCCCCCN4CCCCC4)cc3C2=O)cc1,train
c1cc(ccc1C(C(CO)NC(=O)C(Cl)Cl)O)[N+](=O)[O-],train
COCC(=O)O,train
COc1ccc(/C=C(\C)/C(=O)c2cc(OC)c(OC)c(OC)c2)cc1O,train
CCCCOCC1CO1,train
COc1cc(c2c(OC)cc(c3ccccc3)c(OC)c2O)cc(CC=C(C)C)c1O,train
CC(=O)O[C@H]1CC[C@@]2(C)[C@@H](CC[C@]3(C)[C@@H]2CC=C2[C@@H]4[C@@H](C)[C@H](C)CC[C@]4(C(=O)N(CCO)CCO)CC[C@@]32C)C1(C)C,train
COc1cc(/C=C/C(=O)N2CCC=CC2=O)cc(OC)c1OC,train
C[C@@H]1CC[C@H]2[C@@](C)(C(=O)O)O[C@@H]3O[C@@]4(C)CC[C@@H]1[C@@]23OO4,train
COc1ccc(c2cscc2c2cc(OC)c(OC)c(OC)c2)cc1O,train
CC(=CCCC(=C)C=C)C,train
CSc1nc(Nc2cccc(Br)c2)c2cnn(CC(C)c3ccccc3)c2n1,train
Cc1cccc(n2nc(C)c3c2NC2=C(C(=O)CC(C)(C)C2)C3c2ccc(O)cc2)c1,train
Nc1nccc(c2cn(C(=O)c3ccccc3)c3ccc(Br)cc23)n1,train
COC(=O)[C@@H]1c2c(oc3cc(C)cc(OC)c3c2=O)C=C[C@H]1O,train
CN(CCCNC(=O)c1cc(Cl)cc(Cl)c1)Cc1ccccc1,train
CCC(C)(OO)OOC(C)(CC)OO,train
COc1cc([C@@H]2c3cc4c(cc3[C@@H](Nc3nnc(c5ccncc5)o3)[C@H]3COC(=O)[C@H]23)OCO4)cc(OC)c1OC,train
Cc1cn(c(=O)[nH]c1=O)C1CC(C(O1)CO)N=[N+]=[N-],train
COC(=O)c1ccccc1O,train
COc1cc(/C=C/C(=O)O)ccc1O,train
O=Nc1c(c2c(O)[nH]c3ccccc23)[nH]c2ccccc12,train
CC(=O)C1(CCC2C1(CCC1C2C=C(C2=CC(=O)C3CC3C12C)Cl)C)OC(=O)C,train
CC(=O)OCc1cc2c(cc1)OCO2,train
N#CCCCc1cn(c2ccncc2)nn1,train
CCOC(=O)c1ccccc1C(=O)OCC,train
Cc1c(ccc(c1)[N+](=O)[O-])N,train
CN(CCCCCCCOc1ccc(c2cc3ccccc3o2)cc1)Cc1ccccc1,train
CCCCNC(=O)n1c2ccccc2nc1NC(=O)OC,train
C/C=C/C=C/C=O,train
C[N+](C)(C)CCC(=O)Nc1ccc2-c3nccc4cccc(C(=O)c2c1)c34,train
COc1ccc(cc1)N=[N+](c1ccc(cc1)OC)[O-],train
C(C(=O)O)Cl,train
COc1cc([C@@H]2c3cc4c(cc3[C@H](O)[C@H]3COC(=O)[C@H]23)OCO4)cc(OC)c1OC,train
COc1cc2c(Nc3ccc(C#N)cc3)ncnc2cc1OCCCN1CCC(N2CCCCC2)CC1,train
CCCC=O,train
CC(COc1ccccc1)N(CCCl)Cc1ccccc1,train
c1cc(ccc1C(c1ccc(cc1)Cl)C(Cl)Cl)Cl,train
COc1c(O)cc2c(c1CC=C(C)C)C[C@@H](C)OC2=O,train
CCCCC,train
CCOC(=O)[C@]12CC[C@@H](C)[C@H](C)[C@H]1C1=CC[C@@H]3[C@@]4(C)CC[C@H](OC(=O)C)C(C)(C)[C@@H]4CC[C@@]3(C)[C@]1(C)CC2,train
Cc1ccc(cc1)C(=O)O,train
CC[N+](CC)(CC)CCOc1ccc(/C=C/c2cc(OC)cc(OC)c2)cc1,train
O=C(N/N=C/NC(=O)c1cnccn1)c1ccc(C(F)(F)F)cc1,train
c1ccc(cc1)OC(=O)c1ccccc1O,train
COc1ccc(c2cc(C(=O)N/N=C(\C)/c3ccc(OC)c(OC)c3)[nH]n2)cc1,train
COC1=CC(=O)OC(C1)C=Cc1ccccc1,train
Cc1cc(c(cc1)C)O,train
CC(=O)N1CCN(C(=O)c2cc(Sc3cnc(Nc4cccc(Br)n4)s3)ccc2C)CC1,train
O=c1[nH]cc(F)c(=O)[nH]1,train
CCC(C)(C)OC,train
C1CC(OC1CO)n1cnc2c1[nH]cnc2=O,train
COc1cnc2nc1Nc1cc(cc(C(F)(F)F)c1)Nc1ncc(OC)c(n1)Nc1cc(cc(C(F)(F)F)c1)N2,train
CC(=O)c1ccccn1,train
C=CCN1C(=O)S/C(=C\c2cn(c3ccccc3)nc2c2ccc(Cl)cc2)/C1=O,train
COc1cc(c(cc1)N)OC,train
C(C(C1C(=C(C(=O)O1)O)O)O)O,train
C(CC#N)C#N,train
CC(C)[C@H](CO)Nc1nc(Nc2cccc(c3ccccn3)c2)c2ncn(C(C)C)c2n1,train
CC(C)[C@H](CO)Nc1nc(Nc2ccc(c3ccccc3)cc2)c2ncn(C(C)C)c2n1,train
CN(C)c1ccc(cc1)C(=N)c1ccc(cc1)N(C)C,train
CC(Cn1ncc2c(Nc3cc(O)ccc3Cl)nc(SCCN3CCOCC3)nc12)c1ccccc1,train
Cc1cnc2nc1Nc1cccc(c1)Nc1ncc(C)c(n1)Nc1cccc(c1)N2,train
COc1cc(/C=C/2\CN(C(=O)CCC(=O)NCCCNCCCN)C/C(=C\c3ccc(O)c(OC)c3)/C2=O)ccc1O,train
C[C@]12CC[C@H]3[C@@H](CC=C4C[C@@H](OC(=O)Cn5cc(COc6ccc7ccc(=O)oc7c6)nn5)CC[C@]34C)[C@@H]1CCC2=O,train
O=C1Nc2cc(Br)ccc2/C/1=C\1/Nc2ccccc2/C1=N\OCCO,train
CC[C@H](CO)Nc1nc(NCc2ccccc2)c2ncc(C(C)C)n2n1,train
Cc1ccc(cc1)C,train
CC(COC(C)(C)C)O,train
Fc1cnc2nc1Nc1cc(cc(C(F)(F)F)c1)Nc1ncc(F)c(n1)Nc1cc(cc(C(F)(F)F)c1)N2,train
C(CO)O,train
Cc1cc2c(cc1)c(ccc2)C,train
COc1ccc(/C=C/C(=O)OCC2CCN(Cc3ccc4c(c3)OCO4)CC2)cc1O,train
O=C(NCCN1CCOCC1)c1ccc(Cl)cc1,train
c1cc(ccc1Cc1ccc(cc1)N=C=O)N=C=O,train
c1ccc2c(c1)cco2,train
c1cc(c(cc1[N+](=O)[O-])O)N,train
COc1cc2c(Nc3ccccc3C#N)ncnc2cc1OCCCN1CCCC1,train
CC(CN)N,train
C[C@]12CC[C@H]3[C@@H](CC=C4C[C@@H](OC(=O)Cn5cc(CN6C(=O)C(=O)c7c(Br)cccc67)nn5)CC[C@]34C)[C@@H]1CCC2=O,train
C(CCCN)CCN,train
COc1ccc(c2nonc2c2cc(OC)c(OC)c(OC)c2)cc1N,train
Cc1c(CC(N)c2ccccc2)c2cc(F)ccc2n1Cc1ccccc1,train
O=[N+]([O-])c1ccc(NC(CO)CO)c([N+](=O)[O-])c1,train
Nc1ccc2c(c3nc(N)ncc3I)c[nH]c2c1,train
CCn1cc(C(=O)O)c(=O)c2cc(F)c(N3CCNCC3)cc12,train
CCOCCOCC,train
C([N+](=O)[O-])(Br)Br,train
CC(=O)O[C@H]1CC[C@@]2(C)[C@@H](CC[C@]3(C)[C@@H]2CC=C2[C@@H]4[C@@H](C)[C@H](C)CC[C@]4(C(=O)N4CCN(CCO)CC4)CC[C@@]32C)C1(C)C,train
c1ccc(c(c1)C=O)Cl,train
c1ccc2c(c1)cccc2N=C=S,train
c1cc(c(cc1[N+](=O)[O-])[N+](=O)[O-])O,train
CC(C)COC(=O)NCCc1nc(c2ccc(c3ccccc3)cc2)c[nH]1,train
CC(C)[C@H](CO)Nc1nc(NCc2ccc(c3ccccn3)cc2)c2ncn(C(C)C)c2n1,train
Cc1cc2c(cccn2)cc1,train
C=CC(=O)OCCCCCCOC(=O)C=C,train
c1cc(ccc1N)O,train
C1C(OC(S1)CO)n1ccc(nc1=O)N,train
Cc1cc(C2CCCCC2)n(O)c(=O)c1,train
C1(=O)C2(C3(C4(C1(C1(C2(C3(C(C41Cl)(Cl)Cl)Cl)Cl)Cl)Cl)Cl)Cl)Cl,train
O=C(NCc1ccccn1)C1CCN(Cc2ccccc2)CC1,train
Cc1[nH]c2ccc(Br)cc2c1C[C@H](N)c1ccccc1,train
CCOc1ccccc1C(=O)N,train
c1ccc2c(c1)nc(s2)N,train
c1cc(c(c(c1)Cl)C(=O)O)Cl,train
CCCCNCC,train
CNc1ccc(cc1)[N+](=O)[O-],train
COc1cccc(c2cnc(N)nc2c2c[nH]c3ccc(Br)cc23)c1,train
Cc1cc(nc(n1)NS(=O)(=O)c1ccc(cc1)N)C,train
CCCBr,train
COc1cc2c(cc1OC)C(=O)C(OC(=O)C1CCN(Cc3ccccc3)CC1)C2,train
COc1ccnc2c1c(c1ccnc(N)n1)cn2C,train
COc1cc2c(Nc3ccc(C#N)cc3)ncnc2cc1OCCCN1CCc2ccccc2C1,train
CCC(C)(C)C,train
CC(=C)C(=O)OC,train
COc1ccc2c(c1)nc(/C=C/C(=O)/C=C/c1ccc(OC)c(O)c1)n2C,train
COc1ccnc2[nH]cc(c3ccncn3)c12,train
O=C(NCCNc1cccc2ccccc12)C1CCN(Cc2ccccc2)CC1,train
CCn1cc(C(=O)O)c(=O)c2cc(F)c(N3CCN(/C=N/NC(=O)c4ccc(F)cc4)CC3)cc12,train
c1ccc(cc1)COP(=O)(O)OCc1ccccc1,train
COc1cc2c(cc1OC)C(=O)/C(=C/C1CCCN(Cc3ccccc3)C1)/C2,train
FC(F)(F)c1ccc(COc2ccccc2Nc2ncnc3cc4c(cc23)OCCOCCOCCO4)cc1,train
CC(=O)CC[C@H]1C(=O)[C@@]23[C@@H](C(=O)[C@H](O)[C@H]1[C@H]2O)[C@]1(C)CCC[C@](C)(CO)[C@H]1C[C@H]3O,train
c1ccc(cc1)c1cc(ccc1)Br,train
COc1cc(/C=C/C(=O)/C=C/c2nc3ccccc3n2C)ccc1O,train
C1CSSC1CCCCC(=O)O,train
COc1ccc(c2coc3cc(OC4CCCC4)ccc3c2=O)cc1N(CCCl)CCCl,train
CN(CCNC(=O)c1ccc(Cl)cc1)Cc1ccccc1,train
C1CC2C(O2)CC1C1CO1,train
Cc1c(ccc(c1)c1cc(c(cc1)N=Nc1c(c2ccccc2c(c1)S(=O)(=O)[O-])N)C)N=Nc1c(c2ccccc2c(c1)S(=O)(=O)[O-])N,train
O=C1C(=C(Nc2nc(c3ccc(F)cc3)cs2)C(=O)c2ccccc12)Cl,train
COc1cc([C@@H]2c3cc4c(cc3[C@@H](Nc3nnc(c5cccs5)o3)[C@H]3COC(=O)[C@H]23)OCO4)cc(OC)c1OC,train
CN(C)c1ccccc1,train
CCCCCC(CCCCC)c1nc(c2ccc(F)cc2)c[nH]1,train
C[C@]12CC[C@H]3[C@@H](CC=C4C[C@@H](OC(=O)Cn5cc(COc6ccc(C(=O)/C=C/c7ccc(Br)cc7)cc6)nn5)CC[C@]34C)[C@@H]1CCC2=O,train
O=[N+]([O-])c1ccc(COc2cccc(Nc3ncnc4cc5c(cc34)OCCOCCO5)c2)cc1,train
C(O)[P+](CO)(CO)CO,train
C=C1C(=O)[C@@]23[C@@H]([C@@H](O)[C@H](O)[C@@H]1[C@H]2OC(=O)C)[C@]1(C)CCCC(C)(C)[C@H]1C[C@H]3O,train
C1CC(OC1CO)n1cnc2c1ncnc2N,train
CCCCCCCCC1CO1,train
COc1ccccc1N,train
C1(=C(C(C(=C1Cl)Cl)(Cl)Cl)Cl)Cl,train
COc1ccc(c2cocc2c2cc(OC)c(OC)c(OC)c2)cc1O,train
Cc1c(cc(cc1)C(=O)O)[N+](=O)[O-],train
CNC(=O)N(c1ccccc1)c1ccccc1,train
COC(=O)CC#N,train
Cc1c(ccc(c1)O)Cl,train
COc1cccc(/C=C/n2cc(/C=C/c3ccc(O)c(OC)c3)nn2)c1,train
Cc1c(c(ccc1)C)O,train
COc1cc2c(Nc3ccc(C#N)cc3)ncnc2cc1OCCCN1CCCCC1CCO,train
c1ccc(cc1)COC(=O)c1ccccc1O,train
COc1ccc(c2c(c3cc(OC)c(OC)c(OC)c3)coc2/C=N/NC(=O)CCCC(=O)O)cc1,train
C=C1C(=O)[C@@]23[C@@H](C[C@H](O)[C@@H]1[C@H]2O)[C@]1(C)[C@@H](O)CCC(C)(C)[C@H]1C[C@H]3O,train
CCCCCCCC/C=C\CCCCCCCC(=O)O,train
CSSC,train
C1CC(OC1CO)n1ccc(nc1=O)N,train
Cc1cccc(n2ccnc2SCC(=O)c2ccc3c(c2)CCC(=O)N3)c1,train
Cc1c(c(ccc1)[N+](=O)[O-])C(=O)O,train
CC(C)c1ccccc1,train
C[C@@H]1CC[C@H]2[C@@](C)(C(=O)Nc3ccc(NC(=O)[C@@]4(C)O[C@@H]5O[C@@]6(C)CC[C@H]7[C@H](C)CC[C@@H]4[C@@]57OO6)cc3)O[C@@H]3O[C@@]4(C)CC[C@@H]1[C@@]23OO4,train
c1ccc(cc1)/C=C/[N+](=O)[O-],train
Cc1ncc(n1CCO)[N+](=O)[O-],train
CN(CCO/N=C\1/C(=C\2/C(=O)Nc3cc(Br)ccc23)/Nc2ccccc12)CC(O)CO,train
c1c(c(c(c(c1Cl)Cl)Cc1c(c(cc(c1Cl)Cl)Cl)O)O)Cl,train
COc1cc([C@@H]2c3cc4c(cc3[C@@H](O[C@@H]3O[C@@H]5CO[C@@H](C)O[C@H]5[C@H](O)[C@H]3O)[C@H]3COC(=O)[C@H]23)OCO4)cc(OC)c1O,train
c1cc(c(cc1c1cc(c(cc1)N)Cl)Cl)N,train
C[C@@H](Oc1cc(c2ccn(Cc3ccccc3)c(=O)c2)cnc1N)c1c(Cl)ccc(F)c1Cl,train
O=C(Nc1cnn(c2cccc(C(=O)Nc3cnn(C4CCNC4)c3)c2)c1)Nc1ccccc1Cl,train
COc1c(ccc(c1)[C@@H]1[C@H](Oc2c(O1)cc(cc2)[C@@H]1[C@H](C(=O)c2c(cc(cc2O1)O)O)O)CO)O,train
CCSC(=O)N1CCCCCC1,train
CCNC(=O)c1cc(Sc2cnc(Nc3ccccn3)s2)ccc1C,train
C/C(=C\C=C\C=C(\C=C\C=C(\C=C\C(=O)O)/C)/C)/C=C/C=C(/C=C/C(=O)O)\C,train
CC/C(=C(/CC)\c1ccc(cc1)O)/c1ccc(cc1)O,train
C=CC(=O)NCNC(=O)C=C,train
CCCCCCCCOC(=O)c1ccccc1C(=O)OCCCCCCCC,train
CCCCCCCCCCCCCC(=O)O,train
Cc1ccccc1NC(=O)C,train
CC(=C1NC(=O)C(=C(C[C@@H](C[C@H](C)O)Nc2ccccc2)Nc2ccccc2)C1=O)C,train
CCCCCCCCCCCCOCC1CO1,train
COc1ccc(c2nonc2c2cc(OC)c(O)c(OC)c2)cc1,train
COC(=O)C(C1CCCCN1)c1ccccc1,train
O=C(O)Cc1ccc(c2ccc(C(F)(F)F)cc2)c(c2ccc(C(F)(F)F)cc2)c1,train
c1cc(c(cc1Cl)Cl)O,train
CCCCCl,train
Nc1ncc(c2ccc(C(F)(F)F)cc2)c(c2c[nH]c3c(Br)cccc23)n1,train
CCCCC(CC)C=O,train
CO[C@H]1[C@@H](C[C@@H]2CN3CCc4c([C@H]3C[C@@H]2[C@@H]1C(=O)OC)[nH]c1c4ccc(c1)OC)OC(=O)c1cc(c(c(c1)OC)OC)OC,train
c1ccc(c(c1)Cl)Cl,train
COP(=O)(OC)O/C(=C\Cl)/c1cc(c(cc1Cl)Cl)Cl,train
Nc1ncc(c2ccc(C(F)(F)F)cc2)c(c2c[nH]c3cccc(Br)c23)n1,train
Cc1cc(c(cc1)C)N,train
Nc1nccc(c2c[nH]c3ccccc23)n1,train
C/C(=C\C=C\C=C(/C)\C=C\C=C(\C)/C=C/C(=O)O)/C=C/C=C(\C)/C=C/C(=O)O,train
CC(=O)O[C@H]1CC[C@@]2(C)[C@@H](CC[C@]3(C)[C@@H]2CC=C2[C@@H]4[C@@H](C)[C@H](C)CC[C@]4(C(=O)N4CCC(CCO)CC4)CC[C@@]32C)C1(C)C,train
CN1CCN(CCNC(=O)c2ccc(Cl)cc2)CC1,train
CC(C)NC(C)C,train
c1cc(ccc1C(=O)NCC(=O)O)[N+](=O)[O-],train
C1=CC(=N)C=CC1=C(c1ccc(cc1)N)c1ccc(cc1)N,train
CC1CCC2CC1C2(C)C,train
c1ccc2c(c1)c(c1ccccc1n2)N,train
c1nncn1N,train
c1cc2c3c(c1)ccc1cccc(c31)cc2,train
O=C(CCN1CCOCC1)Nc1cc(c2ccco2)c2oc(c3ccco3)nc2c1,train
Cc1cc(c(cc1)N)[N+](=O)[O-],train
COC1=CC(=O)OC(C1)C=Cc1cc2c(cc1)OCO2,train
c1c(cc(cc1Cl)Cl)N,train
CCN(CC)C(=O)c1cc(ccc1)C,train
C(=O)(N)NN,train
c1cc(c(c(c1)Cl)Cl)C(=O)O,train
O=C(/C=C/c1cccnc1)NCCCCC1CCN(C(=O)c2ccccc2)CC1,train
C1C(O1)CCl,train
CCCCCCCC(=O)Cl,train
COc1ccc(c2coc3cc(OC4CCCCC4)ccc3c2=O)cc1N(CCCl)CCCl,train
C(C(C(CC(=O)O)C(=O)O)C(=O)O)C(=O)O,train
C=C1C(=O)[C@@]23[C@H]4C[C@H](O)[C@@H]1[C@H]2OC(C)(C)O[C@@H]3C[C@@H]1C(C)(C)[C@H](O)CC[C@@]41C,train
c1cc(c(c(c1)Cl)Cl)[N+](=O)[O-],train
CCCCCCc1c(cc(cc1)O)O,train
CC(=O)Nc1ccc(cc1)N,train
O=C1C(=C(Nc2nc(c3ccccc3)cs2)C(=O)c2ccccc12)Cl,train
CC(C)C(CCCN(C)CCc1cc(c(cc1)OC)OC)(C#N)c1cc(c(cc1)OC)OC,train
CN(CCCNC(=O)c1cccc(N(C)C)c1)Cc1ccccc1,train
CC(=O)O[Hg]c1ccccc1,train
C(C(Cl)Cl)Cl,train
c1ccc(c(c1)C(=O)O)[N+](=O)[O-],train
C[C@@H]1CC[C@H]2[C@@H](C)[C@H](NCc3ccc(OC(F)(F)F)cc3)O[C@@H]3O[C@@]4(C)CC[C@@H]1[C@@]23OO4,train
N=C(NCCC[C@H](NC(=O)c1cc2c(cn1)[nH]c1ccccc21)C(=O)OCc1ccccc1)N[N+](=O)[O-],train
COc1ccc(c2ccccc2/C=C\2/Cc3cc(OC)ccc3C2=O)cc1,train
CC[C@@H](CO)Nc1nc(NCc2ccncc2)c2ncn(C(C)C)c2n1,train
COc1cnc2nc1Nc1cccc(c1)Nc1ncc(OC)c(n1)Nc1cccc(c1)N2,train
CCCC(=O)c1cc(c(cc1O)O)O,train
CC(=O)Nc1cccc(c1)N,train
Cc1c(c(ccc1)O)C,train
Cc1ccccc1OCC1CO1,train
C(CCl)OCCCl,train
Cc1cc2c(c(=O)o1)C=C(C(C)C)C(CC(C)C)O2,train
c1ccc2c(c1)[nH]c(=S)[nH]2,train
c1cc(cc(c1)[N+](=O)[O-])[N+](=O)[O-],train
CC(=CCC/C(=C/COC(=O)C)/C)C,train
C=CC=O,train
c1ccc2c(c1)cn[nH]c2=O,train
CNc1nc(C)c2cc(c3cnc(OC)c(NS(=O)(=O)c4ccc(F)cc4F)c3)cc(OC3CCOCC3)c2n1,train
C=CCN1C(=O)S/C(=C\c2cn(c3ccccc3)nc2c2ccccc2)/C1=O,train
CCCC(=O)Cl,train
CCC1(C(=O)NCNC1=O)c1ccccc1,train
Cc1cc(c(cc1)O)C,train
Cc1cc(=O)oc2cc(cc(c12)O)O,train
CN(C)CCCCCCN(C)C,train
c1cc(ccc1C(=O)O)[N+](=O)[O-],train
C(C(=C(CO)Br)Br)O,train
c1c(cc(cc1Cl)Cl)Cl,train
Cc1ccccc1C,train
Cc1c(CC(N)c2ccccc2)c2cc(c3ccccc3)ccc2n1Cc1ccccc1,train
c1ccc(c(c1)C(=O)Cl)[N+](=O)[O-],train
COC(=O)CS,train
CC1CC(CC(C1)(C)C)OC(=O)c1ccccc1O,train
c1cc2c(c3c(cccn3)cc2)nc1,train
CC(=O)OCC=C,train
COc1cc(/C=C/n2cc(/C=C/c3ccccc3)nn2)ccc1O,train
CCN(CC)CCO,train
C1CCC(CC1)N=C=NC1CCCCC1,train
Cc1ccccc1C(=O)N,train
CCN(CC)CCCOc1ccc2c3c(-c4ccccc4C2=O)nccc13,train
c1cc(ccc1N)S(=O)(=O)N,train
Cc1cc2c(cc1C)n(c1-c(c(=O)[nH]c(=O)n1)n2)CC(C(C(CO)O)O)O,train
C=C1C(=O)[C@@]23[C@@H](CC[C@@H]1[C@H]2O)[C@]1(C)[C@@H](O)CCC(C)(C)[C@H]1C[C@H]3O,train
C1OCOCO1,train
c1cnc(cn1)C(=O)N,train
C1CCC(C(C1)C(=O)OCC1CO1)C(=O)OCC1CO1,train
c1cc2c(cc1[N+](=O)[O-])c(=O)[nH][nH]c2=O,train
Cc1ccc(C(=O)/C=C/C(=O)N(C2CC2)C(C(=O)NCc2ccccc2)c2ncc(C)cn2)cc1,train
COC(=O)C=C,train
O=C(N/N=C/N1CCN(c2cc3c(cc2F)c(=O)c(C(=O)O)cn3C2CC2)CC1)c1ccc(F)cc1,train
C1C(C(OC1n1cc(c(=O)[nH]c1=O)Br)CO)O,train
C[NH+](C)CCC(c1ccccc1)c1cccc[nH+]1,train
C[C@H]([C@@H](c1ccc(Nc2nc3ccccc3s2)cc1)n1ccnc1)N(C)C,train
COc1cc(/C=C/C(=O)/C=C/c2nc3cc(C)ccc3n2C)ccc1O,train
CC[C@H](CO)Nc1nc(NCc2ccncc2)c2ncn(C(C)C)c2n1,train
C(=O)(C(Cl)(Cl)Cl)O,train
CC[C@H](CO)Nc1nc(Nc2cccc(c3cccnc3)c2)c2ncn(C(C)C)c2n1,train
O=C(NCCN1CCOCC1)C1CCN(Cc2ccccc2)CC1,train
CCOC(=O)C,train
Nc1c2c(nc3ccccc13)CCCC2,train
C=CCCCCCCC=C,train
CC(C)(C)c1c(ccc(c1)O)O,train
O=C1c2ccccc2-c2ncc(OCCN3CCCCC3)c3cccc1c23,train
CC[C@H](CO)Nc1nc(NCc2ccc(c3ccccc3)cc2)c2ncn(C(C)C)c2n1,train
O=C(CCCCCCC(=O)Nc1ccccc1)NO,train
Cc1ccccc1C#N,train
Cc1cc(c(c(c1)C(C)(C)C)O)C(C)(C)C,train
c1c(c(cc(c1Cl)Cl)Cl)O,train
C=C1[C@@H]2C(=O)C[C@H]3[C@]4(C)[C@@H](O)C[C@H](OC(=O)C)C(C)(C)[C@H]4C[C@@H](O)[C@@]3([C@@H]1O)[C@@H]2O,train
c1cc(ccc1N)S(=O)(=O)c1ccc(cc1)N,train
CC(C)Nc1ccc(cc1)Nc1ccccc1,train
O=C1Nc2cc(Br)ccc2/C/1=C\1/Nc2ccccc2/C1=N\OCCN(CCO)CCO,train
C=C(CCl)Cl,train
C[N+](C)(C)CCCC(=O)Nc1ccc2-c3nccc4cccc(C(=O)c2c1)c34,train
c1c(cc(c(c1Cl)[N+](=O)[O-])Cl)Cl,train
COc1cc(N2CCN(C)CC2)ccc1Nc1nc(N)n(C(=S)NCc2ccccc2S(=O)(=O)C(C)C)n1,train
c1c(cc(c(c1Cl)O)Cl)Cl,train
C/C(=C\Cc1c(O)ccc2c1C=C(CO)OC2)/CO,train
O=C(CCN1CCCCC1)Nc1cc(c2ccco2)c2oc(c3ccco3)nc2c1,train
COc1cc2c(Nc3ccc(C#N)cc3)ncnc2cc1OCCCN(CCO)Cc1ccccc1,train
CC(C)(c1ccccc1)OO,train
COC1=C(N)C(=O)c2nc(c3nc(C(=O)O)c(C)c(c4ccc(OC)c(OC)c4O)c3N)ccc2C1=O,train
c1ccc(cc1)C(=O)CCl,train
c1ccc2cc3c(cc2c1)C(=NC3=N)N,train
C[C@@H]1[C@H]2C3=CC[C@@H]4[C@@]5(C)CC[C@H](O)C(C)(C)[C@@H]5CC[C@@]4(C)[C@]3(C)CC[C@@]2(C(=O)N2CCN(CCOCCO)CC2)CC[C@H]1C,train
CC(=CCC/C(=C/C=O)/C)C,train
CC(C)CCC[C@@H](C)[C@H]1CC[C@H]2[C@@H]3C/C(=N\O)/[C@@]4(O)C[C@@H](O)CC[C@]4(C)[C@H]3CC[C@]12C,train
CCCCC(CC)COC(=O)COc1c(cc(cc1)Cl)Cl,train
C[C@@H]1CC[C@H]2[C@@H](C)[C@H](N3CCN(Cc4cccc(F)c4)CC3)O[C@@H]3O[C@@]4(C)CC[C@@H]1[C@@]23OO4,train
CN(C)C(=S)[S-],train
C/C=C\1/C(=O)C[C@@H]2[C@@]1(CC[C@H]1[C@H]2CCC2=CC(=O)CC[C@]12C)C,train
CC(C)n1cnc2c(NCc3ccc(c4ccccn4)cc3)nc(NC(C)(C)CO)nc12,train
C=Cc1ccccc1C=C,train
O=C(NCCCN1CCOCC1)c1ccc(Cl)cc1,train
COc1ccc(C2C=C(c3ccccc3)NC(=C2C(=O)SC(C)(C)C)C)cc1,train
C[C@]12CC[C@H]3[C@@H](CC=C4C[C@@H](OC(=O)Cn5cc(COc6cc(=O)oc7ccccc67)nn5)CC[C@]34C)[C@@H]1CCC2=O,train
c1cc(cc(c1)O)[N+](=O)[O-],train
COc1cc2c(Nc3cccc(C#N)c3)ncnc2cc1OCCCN1CCC(C)CC1,train
CC(C)(/C=N/OC(=O)NC)SC,train
C[C@@H]1[C@H]2C3=CC[C@@H]4[C@@]5(C)CC[C@H](O)C(C)(C)[C@@H]5CC[C@@]4(C)[C@]3(C)CC[C@@]2(C(=O)OCCCCO[N+](=O)[O-])CC[C@H]1C,train
C1c2cccc3c2c2c(cccc12)cc3,train
CCCC(C)CO,train
Cc1ccc(cc1)C(=O)OC,train
Cc1cccc(c1[N+](=O)[O-])C(=O)O,train
CNCc1cc(=O)oc2cc(OCc3cccc(Cl)c3)ccc12,train
c1cc(ccc1C(=O)O)C(=O)O,train
CC12C(C=CC3(C1C(C14C3CCC(C1)(C(=C)C4)O)C(=O)O)OC2=O)O,train
O=[N+]([O-])c1ccc(NC(CCl)CCl)c(C(F)(F)F)c1,train
C[C@@H]1CC[C@H]2[C@@H](C)[C@H](Nc3ccc(SC(F)(F)F)cc3)O[C@@H]3O[C@@]4(C)CC[C@@H]1[C@@]23OO4,train
Cc1cc(=O)oc2cc(OCc3cn(CC(=O)O[C@H]4CC[C@@]5(C)C(=CC[C@H]6[C@@H]7CCC(=O)[C@@]7(C)CC[C@H]56)C4)nn3)ccc12,train
C(=O)(N)NC(=O)N,train
COc1cccc(c2cscc2c2cc(OC)c(OC)c(OC)c2)c1F,train
CC(C)c1c(c(ccc1)C(C)C)O,train
COc1c2c(cc3c1occ3)ccc(=O)o2,train
O=C(Nc1ccc2c(O)cc(S(=O)(=O)[O-])cc2c1)Nc1ccc2c(O)cc(S(=O)(=O)[O-])cc2c1,train
c1c([nH]c(=O)[nH]c1=O)C(=O)O,train
CC(C)(C)c1ccccc1O,train
C1CCC(CC1)N=C=O,train
COc1cc2c(Nc3ccc(C#N)cc3)ncnc2cc1OCCCN(C)Cc1ccccc1,train
Cc1cc2c(cc1)nccc2,train
Cc1cc(ccc1)Br,train
COc1cc(c(cc1)C(=O)c1ccccc1)O,train
CSc1ccc(cc1)C=O,train
Nc1ncc(I)c(c2c[nH]c3c([N+](=O)[O-])cccc23)n1,train
CCOC(=O)CBr,train
CCCC(C)(COC(=O)N)COC(=O)N,train
CCO,train
CC(C)CCC[C@@H](C)[C@H]1CC[C@H]2[C@H]3[C@H](CC[C@]12C)[C@@]1(C)CC[C@H](O)C[C@]1(O)[C@H](O)[C@@H]3O,train
Cc1cc2c(c(=O)o1)C=C1CCCC1O2,train
COc1cc2c(cc1OC)C(=O)/C(=C/C1CCCN1Cc1ccccc1)/C2,train
CC(=O)Nc1ccc(c2cnc(N)nc2c2c[nH]c3c(Br)cccc23)cc1,train
c1ccc2cc(ccc2c1)N,train
c1cc(c(cc1S(=O)(=O)O)N)O,train
c1cc2c(cc1[N+](=O)[O-])C(=O)NC2=O,train
CSc1nc(Nc2cc(O)ccc2Cl)c2cnn(CC(C)c3ccccc3)c2n1,train
c1ccc(cc1)NNc1ccccc1,train
CC(=CCc1cc2c3c(c1)N(C)C(=O)[C@@]13O[C@]3(O)[C@@H](O)C(=O)N4C(C)(C)[C@H](C2)[C@H]1[C@]34O)C,train
O=[N+]([O-])c1ccc(COc2ccccc2Nc2ncnc3cc4c(cc23)OCCOCCOCCO4)cc1,train
COc1ccc(c2coc(C=O)c2c2cc(OC)c(OC)c(OC)c2)cc1,train
CC(C)CCOC(=O)C,train
CN(CCNC(=O)c1ccc([N+](=O)[O-])cc1)Cc1ccccc1,train
C(COCCO)O,train
N=C(N)c1ccc(Nc2ncnc(Nc3ccc(S(=O)(=O)N)cc3)c2[N+](=O)[O-])cc1,train
CCCCCCC=C,train
COc1ccc(c2nonc2c2cc(OC)c(OC)c(OC)c2)cc1,train
Cc1ccc(n2c(SCC(=O)N3CC(=O)Nc4ccccc34)nnc2c2cccc(C)c2)cc1,train
c1ccc(c(c1)N)Cl,train
COc1cnc2nc1Nc1cc(cc(N3CCOCC3)c1)Nc1ncc(OC)c(n1)Nc1cc(cc(N3CCOCC3)c1)N2,train
CC(=O)Nc1ccc(c2cnc(N)nc2c2c[nH]c3cc(Br)ccc23)cc1,train
C[C@@H]1CC[C@H]2[C@@](C)(C(=O)NCCCCNC(=O)[C@@]3(C)O[C@@H]4O[C@@]5(C)CC[C@H]6[C@H](C)CC[C@@H]3[C@@]46OO5)O[C@@H]3O[C@@]4(C)CC[C@@H]1[C@@]23OO4,train
O=[N+]([O-])c1ccccc1NC(CCl)CCl,train
C1C2C(C(C1Cl)Cl)C1(C(=C(C2(C1(Cl)Cl)Cl)Cl)Cl)Cl,train
CC(CCC(=O)O)(c1ccc(cc1)O)c1ccc(cc1)O,train
O=C1S/C(=C\c2cn(c3ccccc3)nc2c2ccc(Cl)cc2)/C(=O)N1Cc1ccccc1,train
CC(C)(c1cc(c(c(c1)Br)O)Br)c1cc(c(c(c1)Br)O)Br,train
COc1ccc(c2nnc(N[C@@H]3c4cc5c(cc4[C@@H](c4cc(OC)c(OC)c(OC)c4)[C@H]4C(=O)OC[C@H]34)OCO5)o2)cc1,train
O=C(N/N=C/N1CCN(c2cc3c(cc2F)c(=O)c(C(=O)O)cn3C2CC2)CC1)c1cccc(F)c1,train
CCOC(=O)c1cc2cc(c1)Nc1nc(ncc1Cl)Nc1cc(cc(C(=O)OCC)c1)Nc1nc(ncc1Cl)N2,train
CCCC(C(CC)CO)O,train
c1cc(c(cc1C=CC(=O)OC(C(C(=O)O)OC(=O)C=Cc1cc(c(cc1)O)O)C(=O)O)O)O,train
c1ccc(cc1)/C=C/C=O,train
CC[C@H](CO)Nc1nc(Nc2ccc(c3cccnc3)cc2)c2ncn(C(C)C)c2n1,train
Cc1cccc2c1nccc2,train
Cc1cc(cc(c1)OP(=O)(Oc1cc(cc(c1)C)C)Oc1cc(cc(c1)C)C)C,train
CN(C)c1ccc(cc1)C(=C1C=CC(=[N+](C)C)C=C1)c1ccccc1,train
Cc1ccc(cc1)Cl,train
C[C@@H]1CC[C@H]2[C@@H](O)[C@H](OC(=O)CCC(=O)O[C@@H]3O[C@@H]4O[C@@]5(C)CC[C@H]6[C@H](C)CC[C@@H]([C@H]3O)[C@@]46OO5)O[C@@H]3O[C@@]4(C)CC[C@@H]1[C@@]23OO4,train
CO[C@H](CC(=C1C(=O)NC(=C(C)C)C1=O)Nc1ccccc1)C[C@H](C)O,train
c1cc(c(cc1[N+](=O)[O-])N)O,train
CNCC(c1ccc(cc1)O)O,train
CC(C)n1cc(NC(=O)c2cccc(n3cc(NC(=O)Nc4ccccc4Cl)cn3)c2)cn1,train
c1cc(c(cc1Cl)Cl)C(=O)CCl,train
c1cc(c(cc1[N+](=O)[O-])OCCO)NCCO,train
CC(C)(C)OOC(C)(C)C,train
CC1=Cc2c(cc(C)oc2=O)OC1c1ccco1,train
c1ccc(cc1)S(=O)(=O)O,train
CN(CCNC(=O)c1cccc(Cl)c1Cl)Cc1ccccc1,train
c1ccc2c(c1)cccc2N,train
C[C@@H]1CC(=O)C=C([C@@]21C(=O)c1c(O2)c(c(cc1OC)OC)Cl)OC,train
Cc1cc2c(c(=O)o1)C=C1C(C[C@H]3C[C@@H]1C3(C)C)O2,train
c1cc(c(cc1Cl)Cl)C=O,train
C1C(O1)COc1cc(ccc1)OCC1CO1,train
c1ccc(cc1)Nc1ccccc1[N+](=O)[O-],train
CC(C)(C)n1nc(c2ccc(Cl)cc2)c2c(N)ncnc12,train
c1ccc(c2ccc(c3c[nH]c(CCCC4CCCCC4)n3)cc2)cc1,train
c1cc(cc(c1)[N+](=O)[O-])C(=O)N,train
COc1cc(c2cscc2c2ccc(C)c(F)c2)cc(OC)c1OC,train
C(CCl)OP(=O)(OCCCl)OCCCl,train
COc1ccc(c2coc3cc(OC4CCCCCC4)ccc3c2=O)cc1N(CCCl)CCCl,train
CCOC(=O)c1csc(NC2=C(Cl)C(=O)c3ccccc3C2=O)n1,train
Oc1cccc(Nc2nc(SCCN3CCOCC3)nc3c2cnn3CC(Cl)c2ccccc2)c1,train
c1ccc(cc1)Oc1ccccc1,train
CN(C)CCOc1cnc2-c3c(C(=O)c4c2c1ccc4)cccc3,train
CCC(=O)C=C,train
Nc1ncc(c2ccc(C(F)(F)F)cc2)c(c2c[nH]c3cc(Br)ccc23)n1,train
C(=C\C(=O)O)/C(=O)O,train
O=[N+]([O-])c1cc(C(F)(F)F)ccc1NC(CO)CO,train
CN(CCCNC(=O)c1ccc(F)cc1)Cc1ccccc1,train
c1ccc(c(c1)O)Cl,train
c1cc(c(cc1N)N)[N+](=O)[O-],train
c1cc(ccc1C=O)C(=O)O,train
O=C1C(=C(Nc2nc(c3ccc(Cl)cc3)cs2)C(=O)c2ccccc12)Cl,train
CC(=O)CC(=O)Nc1ccccc1,train
CN(C)CCO/N=C\1/C(=Nc2ccccc12)c1c(O)[nH]c2c(Br)cccc12,train
c1ccc(cc1)Br,train
Nc1nccc(c2c[nH]c3c(Br)cccc23)n1,train
Nc1nccc(c2c[nH]c3ccc(Br)cc23)n1,train
C(C(CCl)Cl)Cl,train
C(CBr)Cl,train
C[C@H](CCCC(C)C)[C@H]1CC[C@@H]2[C@@]1(CCC/C/2=C\C=C/1\C[C@H](CCC1=C)O)C,train
C=CCCC#N,train
c1ccc(cc1)OP(Oc1ccccc1)Oc1ccccc1,train
O=C(CCCCCCCn1cc(c2cccnc2)nn1)Nc1ccccc1c1ccccc1,train
O=C(NCCc1nc(c2ccc(c3ccccc3)cc2)c[nH]1)OCC1CCCCC1,train
CC(C)C(=O)Nc1cc(c(cc1)[N+](=O)[O-])C(F)(F)F,train
COc1cccc(c1)N,train
CC1(C)CCC[C@@]2(C)[C@@H]3C(=O)[C@H](O)[C@@H]4[C@@H](O)[C@]3(C(=O)[C@]34CO3)[C@H](O)C[C@H]12,train
c1c(c(cc(c1Cl)Cl)Cl)[N+](=O)[O-],train
COc1cc(N2CCC(N3CCN(C)CC3)CC2)ccc1Nc1ncc(Cl)c(Nc2ccccc2S(=O)(=O)C(C)C)n1,train
c1cc(c(c(c1)Cl)Cl)Cl,train
COc1cc2c(Nc3ccccc3C#N)ncnc2cc1OCCCN1CCC(C)CC1,train
C[C@@H]1[C@H]2C3=CC[C@@H]4[C@@]5(C)CC[C@H](O)C(C)(C)[C@@H]5CC[C@@]4(C)[C@]3(C)CC[C@@]2(C(=O)N2CCC(CCO)CC2)CC[C@H]1C,train
C=CCOc1ccc2c(=O)c(c3ccc(OC)c(N(CCCl)CCCl)c3)coc2c1,train
c1ccc2-c3c4c(-c2c1)cccc4ccc3,train
Cc1c(ccc(c1)OP(=S)(OC)OC)SC,train
C(C(F)(F)F)(Cl)Br,train
CN1CCN(CCOc2ccc3c4c(-c5ccccc5C3=O)nccc24)CC1,train
CC(C)c1cnn2c(NCc3ccc(c4ccccn4)cc3)nc(N[C@H]3CC[C@H](N)CC3)nc12,train
CC(=C)C#N,train
CC1CCc2c(C1)occ2C,train
COC[C@H]1[C@@H]2C(=O)C[C@@H]3[C@@]([C@H](O)C[C@@H]4C(C)(C)[C@@H](OC(=O)C)CC[C@@]34C)([C@@H]2O)[C@@H]1O,train
Cc1ccc(cc1)N(C)C,train
CCCCCCCCCCCOC(=O)c1ccccc1C(=O)OCCCCCCCCCCC,train
CCCCCCCC[N+](CCCCCCCC)(CCCCCCCC)CCCCCCCC,train
COc1ccc(c2nonc2c2cc(OC)c(O)c(OC)c2)cc1O,train
c1ccc(cc1)NC(=Nc1ccccc1)N,train
C1COC1,train
C=C1C[C@](OC)([C@H](O)C(=O)N[C@H]2OCO[C@H]3[C@@H]2O[C@H](C[C@@H](CO)OC)C(C)(C)[C@@H]3OC)O[C@H](C)[C@@H]1C,train
C=C1C(=O)[C@@]23[C@@H](C[C@H](O)[C@@H]1[C@H]2O)[C@]1(C)CCC[C@](C)(CO)[C@H]1C[C@H]3O,train
COc1c(ccc(c1)c1cc(c(cc1)N)OC)N,train
C[C@@H]1CC[C@H]2[C@@](C)(C(=O)Nc3cccc(NC(=O)[C@@]4(C)O[C@@H]5O[C@@]6(C)CC[C@H]7[C@H](C)CC[C@@H]4[C@@]57OO6)c3)O[C@@H]3O[C@@]4(C)CC[C@@H]1[C@@]23OO4,train
C1C(O1)COc1ccccc1,train
c1cc(c(cc1F)F)[N+](=O)[O-],train
COc1cc2c(cc1OC)C(=O)C(CC1CCCCN1Cc1ccccc1)C2,train
c1cc(ccc1C(=O)O)N,train
CC1CC(OC(O1)C)OC(=O)C,train
CCCCOc1ccc2c(=O)c(c3ccc(OC)c(N(CCCl)CCCl)c3)coc2c1,train
C1CCCNCC1,train
C/C=C\1/NC(=O)[C@H](CCO)NC(=O)C[C@@H](CCCCC)NC(=O)CNC(=O)[C@H](CC(C)C)NC(=O)[C@@H](C(C)C)NC(=O)[C@H]([C@@H](C)CC)NC(=O)[C@@H](CC(C)C)NC(=O)[C@@H](Cc2ccccc2)NC(=O)[C@H](CCO)NC(=O)[C@@H]2C[C@@H](O)CN2C1=O,train
CCOc1cccc(c1)N,train
CC(=O)Nc1ccc(cc1)O,train
C(CCl)Cl,train
C[C@@H]1CC[C@H]2[C@@](C)(C(=O)OCC(C)(C)COC(=O)[C@@]3(C)O[C@@H]4O[C@@]5(C)CC[C@H]6[C@H](C)CC[C@@H]3[C@@]46OO5)O[C@@H]3O[C@@]4(C)CC[C@@H]1[C@@]23OO4,train
O=C(CCCCCCCCn1cc(c2cccnc2)nn1)Nc1ccccc1Oc1ccccc1,train
c1cc(cc(c1)Br)C=O,train
c1cc(c(cc1Cc1cc(c(cc1)N)Cl)Cl)N,train
CCCCOC(=O)C=C,train
C[C@@H]1CC[C@H]2[C@@](C)(C(=O)NCCCCCCCCNC(=O)[C@@]3(C)O[C@@H]4O[C@@]5(C)CC[C@H]6[C@H](C)CC[C@@H]3[C@@]46OO5)O[C@@H]3O[C@@]4(C)CC[C@@H]1[C@@]23OO4,train
C=Cc1ccc(cc1)C=C,train
CC[C@H](CO)Nc1nc(NCc2ccc(c3ccncc3)cc2)c2ncn(C(C)C)c2n1,train
c1c(cc(c(c1S(=O)(=O)O)O)C(=O)O)N,train
C[C@@H]1CC[C@H]2[C@@H](C)C(=O)O[C@@H]3O[C@@]4(C)CC[C@@H]1[C@@]23OO4,train
C(#N)/C(=C(\C#N)/N)/N,train
c1cc(cc(c1)Cl)C(F)(F)F,train
c1cc(cc(c1)N)C(F)(F)F,train
c1ccc(CCCCN2CCCc3[nH]c4ccccc4c3C2)cc1,train
CN(CCCNC(=O)c1ccc(C#N)cc1)Cc1ccccc1,train
CC(C)NCC(c1cc(c(cc1)O)O)O,train
CC(C)(F)CC[C@@H]1OC(C)(C)O[C@]1(C)[C@H]1CC[C@@]2(F)C3=CC(=O)[C@@H]4C[C@H]5OC(C)(C)O[C@H]5C[C@]4(C)[C@H]3CC[C@]12C,train
c1cc(cc(c1)Cl)C(=O)O,train
CC(=O)OCc1ccccc1,train
O=C(NCCCN1CCCC1)c1ccc(Cl)cc1,train
OB(O)/C=C/c1ccc(C(F)(F)F)cc1,train
COCCN1CCN(CCO/N=C\2/C(=C\3/C(=O)Nc4cc(Br)ccc34)/Nc3ccccc23)CC1,train
CC(C)CCC[C@@H](C)[C@H]1CC[C@H]2[C@@H]3C[C@@H](O)[C@@]4(O)[C@@H](O)[C@@H](O)CC[C@]4(C)[C@H]3CC[C@]12C,train
CCCC(CCC)C(=O)O,train
CN(C)CCCNc1ccc2c3c(-c4ccccc4C2=O)nccc13,train
Cc1c(ccc(c1)C(=O)O)[N+](=O)[O-],train
O=C1Nc2cc(Br)ccc2/C/1=C\1/Nc2ccccc2/C1=N\OCCBr,train
C[C@@H]1[C@H]([C@H](C[C@@H](O1)O[C@@H]1[C@H](O[C@H](C[C@@H]1O)O[C@@H]1[C@H](O[C@H](C[C@@H]1O)O[C@H]1CC[C@]2([C@@H](C1)CC[C@@H]1[C@@H]2C[C@H]([C@]2([C@@]1(CC[C@@H]2C1=CC(=O)OC1)O)C)O)C)C)C)O)O,train
Cc1c(c(ccc1)N)C,train
CC(CCC(=O)[O-])C1CCC2C1(C(CC1C2C(CC2C1(CCC(C2)O)C)O)O)C,train
CC[C@H](CO)Nc1nc(Nc2ccc(c3ccccn3)cc2)c2ncn(C(C)C)c2n1,train
COc1cc(/C=C/c2cn(/C=C/c3ccc(O)cc3)nn2)cc(OC)c1OC,train
FC(F)(F)c1cc2cc(c1)Nc1nc(ncc1Cl)Nc1cc(cc(C(F)(F)F)c1)Nc1nc(ncc1Cl)N2,train
Oc1ccc(/C=C/n2cc(/C=C/c3ccccc3)nn2)cc1,train
CCCCCCCCOc1ccc(cc1)C(=O)O,train
CN(C)Cc1ccccc1,train
C(CCl)C#N,train
Cc1cccc2ccccc12,train
c1cc(c(cc1Cl)Cl)Cl,train
CC(=C1NC(=O)C(=C(C[C@H](C[C@H](C)O)Nc2ccccc2)Nc2ccccc2)C1=O)C,train
CC(C)OCC1CO1,train
c1ccc(cc1)C(Cl)Cl,train
CC[C@H](CO)Nc1nc(Nc2cccc(c3ccccn3)c2)c2ncn(C(C)C)c2n1,train
c1ccc2c(c1)[nH]c(n2)c1cscn1,train
C(CO)CBr,train
COc1ccc(n2c(SCC(=O)c3ccc(OC(F)F)cc3)nc3ccccc23)cc1,train
COc1cccc(/C=C/c2cn(/C=C/c3ccc(O)cc3)nn2)c1,train
CCCCC[C@H](O)CCCCCCCCCCCc1cc(O)cc(O)c1,train
COc1ccc(/C=C/c2cn(/C=C/c3ccc(O)c(OC)c3)nn2)cc1O,train
COc1ccc(C(=O)C(=O)c2cc(OC)c(OC)c(OC)c2)cc1O,train
CCCc1cc(O)c2c(c1)OC(C)(C)[C@@H]1CCC(=C[C@@H]21)C,train
c1ccc(cc1)NC=O,train
Cc1c(ccc(c1)OC)N,train
COc1cc2c(-c3cc4c(cc3Cc3cnnn3C2)OCO4)c(OC)c1OC,train
CC[C@H](CO)Nc1nc(NCc2ccccc2)c2ncn(C(C)C)c2n1,train
C1C=CCC2C1C(=O)N(C2=O)SC(Cl)(Cl)Cl,train
Nc1ncc(I)c(c2c[nH]c3c(Br)cccc23)n1,train
C=C1C(=O)[C@@]23CC[C@@H]4C(C)(C)CC[C@H](O)[C@@]4(C)[C@@H]2[C@@H](O)C[C@@H]1[C@H]3O,train
COc1cc2c(Nc3ccc(C#N)cc3)ncnc2cc1OCCCN1CCC(CO)CC1,train
COc1ccc(/C(=N/O)/C(=N\O)/c2cc(OC)c(OC)c(OC)c2)cc1O,train
c1ccc(cc1)C(=O)OC(C(C(=O)O)OC(=O)c1ccccc1)C(=O)O,train
CCCCCCCCCCCCCCCCCC(=O)O,train
COc1c(c2ccccc2)cc(OC)c2c1oc1c3c(c(O)cc21)OC(C)(C)C=C3,train
C1CCC(=NO)CC1,train
Cc1cccc(c1)C=C,train
CC(C)COC(=O)COc1cc(c(cc1Cl)Cl)Cl,train
CC(=O)CCc1ccccc1,train
CCC(=O)C,train
Cc1c(cccc1N)N,train
c1cc(c(cc1Cl)N)O,train
CCCOc1ccc2c(=O)c(c3ccc(OC)c(N(CCCl)CCCl)c3)coc2c1,train
COc1ccccc1CNC(=O)C1CCN(Cc2ccccc2)CC1,train
CC1=CCC(CC1=O)C(=C)C,train
CCCCC(CC)COC(=O)C(=C(c1ccccc1)c1ccccc1)C#N,train
c1c2c(cc(c1Cl)S(=O)(=O)N)S(=O)(=O)N=CN2,train
O=C(CCN1CCCCC1)c1ccc(c2ccccc2)cc1,train
CN(C)c1ccc(cc1)Cc1ccc(cc1)N(C)C,train
c1cc(cc(c1)Cl)O,train
CN(C)C(=O)Cl,train
CC[C@H](CO)Nc1nc(c2ccncc2)c2ncn(C(C)C)c2n1,train
O=C1Nc2cc(Br)ccc2/C/1=C\1/Nc2ccccc2/C1=N\OCCN1CCN(CCO)CC1,train
COC(=O)CCCN1C(=O)[C@]23O[C@]4(O)[C@@](O)([C@@H](C)O)C(=O)N5C(C)(C)[C@H](Cc6cccc1c26)[C@H]3[C@]45O,train
C1C2C=CC1C1C2C2(C(=C(C1(C2(Cl)Cl)Cl)Cl)Cl)Cl,train
Cc1cc(O)cc2c1C[C@H]1CC(C)(C)/C=C/C[C@]3(C)OC4=CC(=O)O[C@]5(C)CC(=O)O[C@]45C[C@H]3C[C@H](O)[C@@]1(C)O2,train
Cc1ccc(Sc2cnc(Nc3cccc(Br)n3)s2)cc1C(=O)N1CCN(C(=O)[C@H](C)N)CC1,train
C#CCO,train
COc1cc(/C=C/c2cn(/C=C/c3ccccc3)nn2)cc(OC)c1OC,train
COc1cccc(c2cnc(N)nc2c2c[nH]c3c(Br)cccc23)c1,train
CCCCOC(=O)NCCc1nc(c2ccc(c3ccccc3)cc2)c[nH]1,train
COc1cccc(/C=C/c2cn(/C=C/c3cccc(OC)c3)nn2)c1,train
Cc1cc(cc(c1N)C)c1cc(c(c(c1)C)N)C,train
C1(C(=C(C(=O)O1)Cl)C(Cl)Cl)O,train
C[C@@H]1[C@H]2C3=CC[C@@H]4[C@@]5(C)CC[C@H](O)C(C)(C)[C@@H]5CC[C@@]4(C)[C@]3(C)CC[C@@]2(C(=O)N(CCO)CCO)CC[C@H]1C,train
c1ccc(c(c1)C(c1ccc(cc1)O)c1ccc(cc1)O)C(=O)O,train
CON=C(c1ccco1)C(=O)NC1C2N(C1=O)C(=C(CS2)COC(=O)N)C(=O)O,train
Cc1c(cccc1N=C=O)N=C=O,train
Cc1cc2c(cc1C)sc(n2)N,train
O=C(CCCCCCCn1cc(c2cccnc2)nn1)Nc1ccccc1Oc1ccccc1,train
C[C@@H]1[C@H]2C3=CC[C@@H]4[C@@]5(C)CC[C@H](O)C(C)(C)[C@@H]5CC[C@@]4(C)[C@]3(C)CC[C@@]2(C(=O)OCCO[N+](=O)[O-])CC[C@H]1C,train
c1ccc2c(c1)cccc2CC(=O)O,train
CC(=O)Cc1cc2c(CCCO)cc(O)cc2c(=O)o1,train
COc1cc2c(cc1OC)C(=O)C(C(=O)OC1CCN(Cc3ccccc3)CC1)C2,train
C=C1C(=O)[C@@]23[C@@H](C[C@H](O)[C@@H]1[C@H]2O)[C@]1(C)CC[C@H](O)C(C)(C)[C@H]1C[C@H]3O,train
CCNC(=S)NCC,train
COc1cc2c(cc1OC)C(=O)C(CC1CCN(Cc3ccccc3)CC1)C2,train
CN(C)CCN(Cc1ccc(cc1)OC)c1ccccn1,train
CC[N+](=O)[O-],train
CC(C)[C@H](c1ccc(C(F)(F)F)nc1)N1CC[C@@H](CC(=O)[O-])C[C@H]1c1ccc(C(F)(F)F)cc1,train
O=C(CCCCCCCCn1cc(c2cccnc2)nn1)Nc1ccccc1Cc1ccccc1,train
COc1cc(c2cscc2c2ccc3c(c2)OCCO3)cc(OC)c1OC,train
CCNS(=O)(=O)c1ccc(cc1)C,train
COc1ccc2-c3c(CCc2c1)c1c(c2c3C(=O)NC2)c2ccccc2n1CCO,train
c1cc(ccc1c1cc(=O)c2c(cc(cc2o1)O)O)O,train
c1ccc(cc1)C(=O)N,train
Nc1nccc(c2c[nH]c3cc([N+](=O)[O-])ccc23)n1,train
c1cc(ccc1C(=O)O)Cl,train
CC1=CCC(CC1O)C(=C)C,train
COc1cc2c(cc1OC)C(=O)C(CC1CN(Cc3ccccc3)C1)C2,train
C[C@@H]1CC[C@H]2[C@@H](C)[C@H](N3CCN(c4ccc(C(F)(F)F)cc4)CC3)O[C@@H]3O[C@@]4(C)CC[C@@H]1[C@@]23OO4,train
c1cc(ccc1COC(Cn1ccnc1)c1c(cc(cc1)Cl)Cl)Cl,train
Cc1ccc(Sc2cnc(Nc3cccc(Br)n3)s2)cc1C(=O)N1CCN(C(=O)CN)CC1,train
c1cc(c(c(c1[N+](=O)[O-])Cl)Cl)Cl,train
c1cc(cc(c1)[N+](=O)[O-])N,train
CC[C@H](CO)Nc1nc(NCc2ccc(c3cccnc3)cc2)c2ncn(C(C)C)c2n1,train
CC1=CC(=O)CC(C1(/C=C/C(=C\C(=O)O)/C)O)(C)C,train
COP(=S)(OC)Oc1ccc(cc1)[N+](=O)[O-],train
COc1cc2c(Nc3ccc(C#N)cc3)ncnc2cc1OCCCN1CCC(C)CC1,train
CC(=O)CCC(=O)C,train
CC(C)(C)OO,train
COC(=O)[C@@H]1c2c(oc3cc(CO)cc(OC)c3c2=O)C=C[C@H]1O,train
CC[C@@H](CO)Nc1nc(NCc2cccnc2)c2ncn(C(C)C)c2n1,train
CC[C@@H](CO)Nc1nc(NCc2ccccc2)n2ncc(C(C)C)c2n1,train
O=[N+]([O-])c1ccc(NC(CO)CO)cc1,train
O=C(O)c1cn(C2CC2)c2cc(N3CCNCC3)c(F)cc2c1=O,train
O=C1Nc2ccc(Br)cc2/C/1=C\1/Nc2ccccc2/C1=N\O,train
c1cc(c(cc1Cl)Cl)C(=O)O,train
CN(C)c1ccc(cc1)N=O,train
c1cc2nc(n1)Nc1cc(cc(N3CCOCC3)c1)Nc1ccnc(n1)Nc1cc(cc(N3CCOCC3)c1)N2,train
CC[C@@H](CO)Nc1nc(NCc2ccccn2)c2ncn(C(C)C)c2n1,train
CS(=O)(=O)OCCCCOS(=O)(=O)C,train
c1ccc(cc1)C(=O)c1ccccc1,train
FC(F)(F)c1ccc(COc2ccccc2Nc2ncnc3cc4c(cc23)OCCOCCO4)cc1,train
COc1ccc(c2coc3cc(O)ccc3c2=O)cc1,train
C[C@@H]1CC[C@H]2[C@@](C)(C(=O)OCCOC(=O)[C@@]3(C)O[C@@H]4O[C@@]5(C)CC[C@H]6[C@H](C)CC[C@@H]3[C@@]46OO5)O[C@@H]3O[C@@]4(C)CC[C@@H]1[C@@]23OO4,train
COc1ccc(c2ccoc2c2cc(OC)c(OC)c(OC)c2)cc1,train
c1ccc(cc1)Nc1ccc(cc1)N=O,train
c1ccc2c(c1)ccc1cc3c(ccc4ccccc34)cc21,train
c1cc(c(c(c1O)Cl)Cl)Cl,train
COc1cc(OC)c2c(c1CC=C(C)C)C[C@@H](C)OC2=O,train
COc1ccc(c2coc3cc(O)ccc3c2=O)cc1N(CCCl)CCCl,train
C(C(CCl)O)Cl,train
c1cc(ccc1c1coc2c(c1=O)ccc(c2)O)O,train
c1cc(ccc1CCCC(=O)O)N(CCCl)CCCl,train
CC(C)CC(C)N,train
C=C1C(=O)[C@@]23[C@@H](CC(=O)[C@@H]1[C@H]2O)[C@]1(C)[C@@H](O)C[C@H](OC(=O)C)C(C)(C)[C@H]1C[C@H]3O,train
C=C1[C@@H]2CC(=O)[C@H]3[C@]4(C)CCC[C@](C)(CO)[C@H]4C[C@@H](O)[C@@]3([C@@H]1O)[C@@H]2O,train
CC(C)[C@H](O)C(=O)N[C@@H](C)C(=O)N[C@@H]1C(=O)N(C)CCc2ccccc12,train
Cn1nnc2c(C(=O)N)ncn2c1=O,train
CCCCCCC=O,train
CCN(CC)C(=S)SCC(=C)Cl,train
Nc1ncccc1/N=C/c1ccnc(NC(=O)C2CC2)c1,train
CC(C)CCCC(C)CCCC(C)CCCC(C)(C=C)O,train
CC1CCC(=C(C)C)C(=O)C1,train
CN(CCCNC(=O)c1ccc(Cl)c(Cl)c1)Cc1ccccc1,train
CC(C)C(C)(C)C(C)(C)C(C)(C)S,train
CC(CCl)O,train
O=C(O)c1csc(NC2=C(Cl)C(=O)c3ccccc3C2=O)n1,train
Cc1ccc(cc1)S(=O)(=O)N,train
Cc1c(c2c(cc1)C(=O)c1ccccc1C2=O)N,train
c1ccc2c(c1)ccc1c2cccn1,train
CC(=O)OC(c1ccccc1)C(=O)c1ccccc1,train
c1ccc2c(c1)nc(s2)SSc1nc2ccccc2s1,train
COc1ccc(c2cocc2c2cc(OC)c(OC)c(OC)c2)cc1[N+](=O)[O-],train
Oc1ccc(Cl)c(Nc2nc(SCCN3CCOCC3)nc3c2cnn3CC(Cl)c2ccccc2)c1,train
Cc1ccc(OCc2cn(CC(=O)O[C@H]3CC[C@@]4(C)C(=CC[C@H]5[C@@H]6CCC(=O)[C@@]6(C)CC[C@H]45)C3)nn2)cc1,train
C(CBr)Br,train
Cc1ccc(/C=C/C(=O)c2ccc(OCc3cn(CC(=O)O[C@H]4CC[C@@]5(C)C(=CC[C@H]6[C@@H]7CCC(=O)[C@@]7(C)CC[C@H]56)C4)nn3)cc2)cc1,train
Nc1ncc(c2ccccc2)cc1/N=C/c1ccnc(NC(=O)C2CC2)c1,train
COc1ccc(c2cc(=O)c3c(OC)c(OC)c(OC)c(OC)c3o2)cc1,train
c1ccc(CCNc2nccc(c3c[nH]c4ncccc34)n2)cc1,train
Cc1ccc(Sc2cnc(Nc3cccc(Br)n3)s2)cc1C(=O)N1CCN(C(=O)[C@@H](C)N)CC1,train
CCCCC(CC)COP(=O)(OCC(CC)CCCC)OCC(CC)CCCC,train
c1ccc2cc3-c4cccc5c4c(-c3cc2c1)ccc5,train
CCN(CC)CCOc1cnc2-c3c(C(=O)c4c2c1ccc4)cccc3,train
O=C(Nc1cc(COCc2cn(CCNc3c4c(nc5ccccc35)CCCC4)nn2)ccn1)Nc1cccc2c1C1CCCCN1C2=O,train
c1cocc1,train
c1ccc(cc1)/C=C\c1ccccc1,train
Cc1[nH]c2ccc(Br)cc2c1CC(N)c1cc(Cl)cc(Cl)c1,train
c1ccc2c(c1)Oc1ccccc1S2,train
C(C(CCl)Cl)O,train
O=C(CCCCCCn1cc(c2cccnc2)nn1)Nc1ccccc1Oc1ccccc1,train
O=C(Cn1cc(CNC2(c3ccccc3F)CCCC2)c2ccccc12)NC1CC1,train
C(C(Cl)(Cl)Cl)(Cl)(Cl)Cl,train
Nc1nccc(c2c[nH]c3nc(Br)ccc23)n1,train
CC(CCC(=O)O)C1CCC2C1(CCC1C2CCC2C1(CCC(C2)O)C)C,train
c1cc(c(cc1O)O)C(=O)O,train
CN(CCCNC(=O)c1cccc(Cl)c1Cl)Cc1ccccc1,train
CCC(C(C)(C)C)O,train
c1ccc2c(c1)ccc(n2)C1C(=O)c2ccccc2C1=O,train
CN1CN(C(=S)SC1)C,train
Oc1[nH]c2c(Br)cccc2c1C1=Nc2ccccc2/C/1=N\OCCN1CCCC1,train
O=[N+]([O-])c1ccc(COc2ccc(Nc3ncnc4cc5c(cc34)OCCOCCOCCOCCO5)cc2)cc1,train
Cc1nc2c([nH]1)cc(cc2)Cl,train
C[C@@H](Oc1cc(c2ccn(C)c(=O)c2)cnc1N)c1c(Cl)ccc(F)c1Cl,train
C[C@@H](O)[C@@]1(O)C(=O)N2C(C)(C)[C@@H]3Cc4cccc5c4[C@@]4(O[C@@]1(O)[C@@]2(O)[C@H]34)C(=O)N5C,train
CCCCCCC(=O)O,train
COc1cc2c(ccnc2cc1)C(C1CC2CCN1CC2C=C)O,train
C(C1C2C(C(C(O1)OC1C(OC(C(C1O)O)OC1C(OC(C(C1O)O)OC1C(OC(C(C1O)O)OC1C(OC(C(C1O)O)OC1C(OC(O2)C(C1O)O)CO)CO)CO)CO)CO)O)O)O,train
C(C(CBr)Br)Cl,train
CC[N+](CC)(CC)CCCCCCCCOc1ccc(/C=C/c2ccccc2)cc1,train
FC(F)(F)c1ccc(COc2ccc(Nc3ncnc4cc5c(cc34)OCCOCCOCCO5)cc2)cc1,train
COc1ccc(C(N)Cc2c(C)[nH]c3ccc(Br)cc23)cc1,train
Cc1cc2c(c(=O)o1)C=C(c1ccccc1)C(CC(C)C)O2,train
CCCC[C@H](c1ccc(C(F)(F)F)nc1)N1CC[C@@H](CC(=O)[O-])C[C@H]1c1ccc(C(F)(F)F)cc1,train
C(CN)N,train
c1ccc(c(c1)N)[N+](=O)[O-],train
CCSC(=O)Cl,train
Cc1cc(c(o1)C)C(=O)C,train
c1ccc(c(c1)CCO)[N+](=O)[O-],train
CC(C)CON=O,train
CCn1ccc(c2cnc(N)c(O[C@H](C)c3c(Cl)ccc(F)c3Cl)c2)cc1=O,train
COc1ccc(C2CCCN2CC(=O)Nc2ccccc2c2ccccc2)cc1,train
O=C(NCc1cccnc1)C1CCN(Cc2ccccc2)CC1,train
c1ccc(cc1)C(=O)NO,train
COc1cc(/C=C/C(=O)OCC2CCN(Cc3ccc([N+](=O)[O-])cc3)CC2)ccc1O,train
CCCCOC(=O)COc1c(cc(cc1)Cl)Cl,train
c1cc(cc(c1)I)[N+](=O)[O-],train
COc1cccc(/C=C/n2cc(/C=C/c3ccc(O)c(O)c3)nn2)c1,train
c1ccc2c(c1)[nH]cn2,train
C1=NC2C(N=C(NC2=N1)N)S,train
c1cc(c(cc1N)Cl)N,train
c12c(c(c(c(c1Br)Br)Br)Br)C(=O)OC2=O,train
COc1ccc(c2coc3cc(OCc4ccccc4)ccc3c2=O)cc1N(CCCl)CCCl,train
c1ccc(cc1)c1ccccc1Br,train
c1cc(ccc1NC(=O)N)[As](=O)(O)O,train
c1ccc(cc1)CCl,train
c1ccc(cc1)N,train
C(CBr)O,train
C(CO)N(CCO)N=O,train
Cc1cc2c(c(=O)o1)C=C1C(C)(C)CCCC1(C)O2,train
CCO[Si](CCCN)(OCC)OCC,train
COc1cc([C@@H]2c3cc4c(cc3[C@@H](Nc3nnc(C)o3)[C@H]3COC(=O)[C@H]23)OCO4)cc(OC)c1OC,train
C/C=C\1/NC(=O)[C@H](CCO)NC(=O)C[C@@H](CCCCC)NC(=O)CNC(=O)[C@H](CC(C)C)NC(=O)[C@@H]([C@@H](C)CC)NC(=O)[C@H](C(C)C)NC(=O)[C@@H](CC(C)C)NC(=O)[C@@H](Cc2ccccc2)NC(=O)[C@H](CCO)NC(=O)[C@@H]2C[C@@H](O)CN2C1=O,train
O=C1S/C(=C\c2cn(c3ccccc3)nc2c2ccccc2)/C(=O)N1Cc1ccccc1,train
CC(=O)C(=O)C,train
c1cc2c(c(c1)O)C(=O)c1c(cc(cc1C2=O)C(=O)O)O,train
c1ccc(cc1)C(C#N)O,train
CC(=O)c1ccc(c2cnc(N)nc2c2c[nH]c3c(Br)cccc23)cc1,train
CCN(c1ccccc1)C(=O)N(CC)c1ccccc1,train
CC(C)(C)CC(C)(C)c1ccc(cc1)OCCO,train
CCCN(CCC)c1c(cc(cc1[N+](=O)[O-])C(F)(F)F)[N+](=O)[O-],train
c1ccc(cc1)OCC(=O)O,train
Cc1c(nc[nH]1)CSCCNC(=NC)NC#N,train
O=C(Nc1cc(c2cn(CCNc3c4c(nc5ccccc35)CCCC4)nn2)ccn1)Nc1cccc2c1C1CCCCN1C2=O,train
O=C(N/N=C/NC(=O)c1cnccn1)c1cccc(F)c1,train
Cc1ccc(cc1)[N+](=O)[O-],train
CC(=O)OC(=O)C,train
Cc1cc(=O)c(O)cc2c1C[C@H]1C[C@H](O)[C@@]3(C)Oc4cc(O)c(=O)cc(C)c4C[C@H]3CC(C)(C)/C=C/C[C@]1(C)O2,train
CN(C)C(=S)SSC(=S)N(C)C,train
CN(CCCNC(=O)c1ccc(Br)cc1)Cc1ccccc1,train
CCCCCCCCCCCCC1CO1,train
c1cc(c(cc1N)[N+](=O)[O-])N,train
COc1ccc(/C=C/C(=O)/C=C/c2nc3cc(Cl)ccc3n2C)cc1O,train
Cc1cc(=O)[nH]c(=S)[nH]1,train
CCCCC(CC)C(=O)O,train
C=C1C(=O)[C@@]23[C@@H]([C@@H](O)[C@H](O)[C@@H]1[C@H]2O)[C@]1(C)CCCC(C)(C)[C@H]1C[C@H]3O,train
C/C=C/CC#N,train
CC(=O)O[C@H]1CC[C@@]2(C)[C@@H](CC[C@]3(C)[C@@H]2CC=C2[C@@H]4[C@@H](C)[C@H](C)CC[C@]4(C(=O)NCCO)CC[C@@]32C)C1(C)C,train
C=CCc1cc2c(cc1)OCO2,train
c1ccc2c(c1)[nH]c(n2)N,train
CCCC[N+](=O)[O-],train
CC(C)OC(=O)Cc1ccccc1,train
Oc1ccc(Cl)c(Nc2ncnc3c2cnn3CC(Cl)c2ccccc2)c1,train
Cc1cc(cc(c1O)[N+](=O)[O-])[N+](=O)[O-],train
CC(=O)Nc1ccc(c2cnc(N)nc2c2c[nH]c3cccc(Br)c23)cc1,train
c1cc(ccc1c1coc2cc(cc(c2c1=O)O)O)O,train
CC=C(Cl)Cl,train
C[C@@H]1CC[C@H]2[C@@](C)(C(=O)OCCCCOC(=O)[C@@]3(C)O[C@@H]4O[C@@]5(C)CC[C@H]6[C@H](C)CC[C@@H]3[C@@]46OO5)O[C@@H]3O[C@@]4(C)CC[C@@H]1[C@@]23OO4,train
COc1cc(c2cc(NC(=O)Nc3ccc(OCCCN4CCOCC4)cc3C)cc(OC)c2OC)ccc1/C(=N/O)/C,train
COc1ccc(/C=C/c2cn(/C=C/c3cccc(OC)c3)nn2)cc1,train
CC1=CCC(CC1OC(=O)C)C(=C)C,train
CCOP(=S)(OCC)Oc1nc(c(cc1Cl)Cl)Cl,train
CCCCC1C(=O)N(N(C1=O)c1ccccc1)c1ccccc1,train
C[C@@H]1[C@H]2C3=CC[C@@H]4[C@@]5(C)CC[C@H](O)C(C)(C)[C@@H]5CC[C@@]4(C)[C@]3(C)CC[C@@]2(C(=O)NC(CO)C(=O)O)CC[C@H]1C,train
Oc1ccc(/C=C/c2cn(/C=C/c3ccccc3)nn2)cc1O,train
CCN(CC)c1cc2c(cc1)c(cc(=O)o2)C,train
CC(=O)OC,train
COc1cc2c(Nc3ccc(C#N)cc3)ncnc2cc1OCCCN1CCCC1,train
CCCC(CCC)c1nc(c2ccc(C(C)(C)C)cc2)c[nH]1,train
C1Oc2c(O1)cc(cc2)O,train
CCOC(=O)C1C(O1)c1ccccc1,train
CCCCC[C@H]1OC(=O)[C@H]([C@@H](C)CC)N(C)C(=O)[C@@H]2CCCN2C(=O)[C@H](Cc2ccccc2)OC(=O)[C@H](C(C)C)N(C)C(=O)[C@H](C(C)C)NC(=O)[C@H]1C,train
COc1ccc(c2c(OC)cc(c3ccc(O)c(CC=C(C)C)c3)c(OC)c2O)cc1OC,train
C1CC(C(C(C1OC(=O)C=Cc1cc(c(cc1)O)O)O)O)(C(=O)O)OC(=O)C=Cc1cc(c(cc1)O)O,train
CC12CCC3C(C1CCC2O)CCC1=CC(=O)CCC31C,train
COC(=O)Nc1nc2ccccc2[nH]1,train
COC(=O)c1ccccc1,train
CC(=O)c1ccc(cc1)S(=O)(=O)NC(=O)NC1CCCCC1,train
c1cc(c(cc1Cl)Cl)C(Cl)(Cl)Cl,train
c1c(cc(c(c1Cl)Cl)Cl)[N+](=O)[O-],train
c1cc(ccc1/C=C/C(=O)O)/C=C/C(=O)O,train
CC1CC2C3CCC4=CC(=O)C=CC4(C3(C(CC2(C1(C(=O)CO)O)C)O)F)C,train
CC(=O)O[C@H]1CC[C@@]2(C)[C@@H](CC[C@]3(C)[C@@H]2CC=C2[C@@H]4[C@@H](C)[C@H](C)CC[C@]4(C(=O)N4CCN(CCOCCO)CC4)CC[C@@]32C)C1(C)C,train
CC(C)c1cnn2c(NCc3ccc(Cl)cc3)nc(N[C@@H](CO)C(C)C)nc12,train
COc1nc(c2ccnc(NC(=O)C3CC3)c2)sc1C(=O)NCCNc1c2c(nc3cc(Cl)ccc13)CCCC2,train
CCC(=C)C(=O)c1c(c(c(cc1)OCC(=O)O)Cl)Cl,train
CC1(C2C(C3C(C(=O)C(=C(C3(C(=O)C2=C(c2c1cccc2O)O)O)O)C(=O)N)N(C)C)O)O,train
C1C(O1)CO,train
C/C(=C/c1ccccc1)/C=O,train
COC(=O)[C@]1(Cc2ccc(O)c(CC=C(C)C)c2)OC(=O)C(=C1c1ccccc1)O,train
c1ccc(cc1)C(Cl)(Cl)Cl,train
C1CC=CC(=O)C1,train
c1cc(cc(c1)Cl)N,train
COc1cc(/C=C/C(=O)/C=C/c2nc3c(C)c(C)ccc3n2C)ccc1O,train
c1c(c(c(c(c1Cl)Cl)Cl)Cl)Cl,train
C(=C(Cl)Cl)(C(=C(Cl)Cl)Cl)Cl,train
CC1C(C(C(C(O1)OC1C(C(C(OC1Oc1cc(c(c(c1)O)C(=O)CCc1cc(c(cc1)OC)O)O)CO)O)O)O)O)O,train
CCOc1ccccc1N,train
CC(=O)c1ccc(c2cnc(N)nc2c2c[nH]c3cc(Br)ccc23)cc1,train
O=C(CN1CCC(Cc2ccccc2)CC1)c1ccc2ccccc2c1,train
C=C(C)[C@@H]1CC[C@H]2O[C@H]2[C@H]1c1c(O)cc(CCCCC)cc1O,train
CC1=C(C(C(=C(N1)C)C(=O)OC)c1ccccc1[N+](=O)[O-])C(=O)OC,train
CCCCOCCOP(=O)(OCCOCCCC)OCCOCCCC,train
CCN(Cc1ccccc1)c1ccccc1,train
CC(C)[C@H](CO)Nc1nc(Nc2ccc(c3ccccn3)cc2)c2ncn(C(C)C)c2n1,train
COc1ccc(c2c(c3cc(OC)c(OC)c(OC)c3)coc2C=O)cc1,train
CN(C)C=O,train
CCCOC(=O)c1ccccc1C(=O)OCCC,train
C=CCn1c(=O)n(c(=O)n(c1=O)CC=C)CC=C,train
CC(CO)O,train
C[C@@H]1CC[C@H]2[C@@](C)(C(=O)OCCCCCCCOC(=O)[C@@]3(C)O[C@@H]4O[C@@]5(C)CC[C@H]6[C@H](C)CC[C@@H]3[C@@]46OO5)O[C@@H]3O[C@@]4(C)CC[C@@H]1[C@@]23OO4,train
O=[N+]([O-])c1ccc(COc2cccc(Nc3ncnc4cc5c(cc34)OCCOCCOCCOCCO5)c2)cc1,train
O=[N+]([O-])c1ccc(NC(CCl)CCl)c([N+](=O)[O-])c1,train
Oc1ccc(/C=C/c2cn(/C=C/c3ccccc3)nn2)cc1,train
CN1C2CC(CC1C1C2O1)OC(=O)C(CO)c1ccccc1,train
c1ccc(cc1)c1ccccc1O,train
CCC([N+](=O)[O-])Cl,train
COc1ccc(C2=C(c3cc(OC)c(OC)c(OC)c3)CCC2)cc1O,train
CCOP(=O)(OC[C@@]1(C)O[C@@H]2O[C@@]3(C)CC[C@H]4[C@H](C)CC[C@@H]1[C@@]24OO3)OC[C@@]1(C)O[C@@H]2O[C@@]3(C)CC[C@H]4[C@H](C)CC[C@@H]1[C@@]24OO3,train
CCCCOCCO,train
CCCCCCCCCCCC(=O)O,train
Cc1c(c(ccc1)C)N,train
CCCSc1nnc(N2C(=O)C(=C(C(=O)c3ccco3)C2c2ccccc2F)O)s1,train
CC(Cn1ncc2c(Nc3cc(O)ccc3Cl)nc(NCCO)nc12)c1ccccc1,train
Nc1nccc(c2c[nH]c3cccc(Br)c23)n1,train
CC(=O)c1cc(ccc1)[N+](=O)[O-],train
CCOP(=O)(CC)OCC,train
COc1ccc2c3c1O[C@H]1C[C@@H](O)C=C[C@@]31CCN(CCCCCCNC13CC4CC(C)(CC(C)(C4)C1)C3)C2,train
c1cc(ccc1N)[N+](=O)[O-],train
smiles,train
c1cc(c(cc1Cl)O)Cl,train
C=Cc1ccccc1,train
CCCCCCCCn1c(=O)ccs1,train
CCOc1c(cc(cc1)NC(=O)C)N,train
Cc1cscn1,train
Cc1cn(c(=O)[nH]c1=O)C1C=CC(O1)CO,train
CC(C)([N+](=O)[O-])Cl,train
c1ccc(cc1)N=Nc1ccccc1,train
CC(=CCCC1(C)C=Cc2c(cc(C)oc2=O)O1)C,train
CCCCCCCCC1C=Cc2c(cc(C)oc2=O)O1,train
CC(=O)Nc1cc(ccc1)O,train
C=C1C(=O)[C@@]23CC[C@@H]4[C@@](C)(CO)CC[C@H](O)[C@@]4(C)[C@@H]2CC[C@@H]1[C@H]3O,train
C1C2C3C(C1C1C2O1)C1(C(=C(C3(C1(Cl)Cl)Cl)Cl)Cl)Cl,train
COc1cccc(C(=O)/C=C/2\C(=O)Nc3ccc(Cl)cc23)c1,train
COc1cccc(c2cnc(N)nc2c2c[nH]c3cccc(Br)c23)c1,train
Cc1c(c(ccc1)C)[N+](=O)[O-],train
CC(C)(C)OC,train
c1cc(c(c(c1)Cl)O)Cl,train
C1=CC(C2C1C1(C(=C(C2(C1(Cl)Cl)Cl)Cl)Cl)Cl)Cl,train
c1ccc2c(c1)C=Cc1ccccc1N2C(=O)N,train
C1CC(=O)OC1=O,train
CC(C)OS(=O)(=O)C,train
COc1ccc(/C=C\c2cc(OC)c(OC)c(OC)c2)cc1N(CCO)CCO,train
COc1ccc(c2occc2c2cc(OC)c(OC)c(OC)c2)cc1,train
COc1cc2c(Nc3ccc(C#N)cc3)ncnc2cc1OCCCN(C)C,train
O=C1S/C(=C\c2cn(c3ccccc3)nc2c2ccc(Cl)cc2)/C(=O)N1Cc1cccc(Br)c1,train
O=C1c2ccccc2-c2ncc(OCCN3CCCC3)c3cccc1c23,train
c1c(c(cc(c1Cl)Cl)Cl)c1cc(c(cc1Cl)Cl)Cl,train
Cc1c(c2c(cc1)nc(s2)c1ccc(cc1)N)S(=O)(=O)O,train
Cc1cc(c(cc1)N)C,train
CN(CCCNC(=O)c1ccccc1Br)Cc1ccccc1,train
CC(C)CO,train
CCCCOCCOCCOCc1cc2c(cc1CCC)OCO2,train
C=C1C(=O)[C@@]23[C@@H](CC[C@@H]1[C@H]2O)[C@]1(C)CCC(=O)C(C)(C)[C@H]1C[C@H]3O,train
CCOC(=O)c1c(C)[nH]c(C)c1C(=O)CSC1=Nc2ccccc2C2CC=NN12,train
C[N+]1(CCOc2cnc3-c4c(C(=O)c5c3c2ccc5)cccc4)CCCC1,train
COc1cc(/C=C/2\CN(C(=O)CCC(=O)NCCCNCCCCNCCCN)C/C(=C\c3ccc(O)c(OC)c3)/C2=O)ccc1O,train
COc1ccc(c2coc3cc(OCc4ccc(C)cc4)ccc3c2=O)cc1N(CCCl)CCCl,train
C[C@@H]1CC[C@H]2[C@@](C)(C(=O)OCc3ccccc3COC(=O)[C@@]3(C)O[C@@H]4O[C@@]5(C)CC[C@H]6[C@H](C)CC[C@@H]3[C@@]46OO5)O[C@@H]3O[C@@]4(C)CC[C@@H]1[C@@]23OO4,train
c1ccc2c(c1)cc(cc2[N+](=O)[O-])[N+](=O)[O-],train
CCC(CC(C(C(C(C(C)Cl)Cl)Cl)Cl)Cl)Cl,train
CCCCC(CC)CNCC(CC)CCCC,train
COc1cc2c(Nc3ccccc3C#N)ncnc2cc1OCCCN1CCCCC1,train
c1ccc(cc1)CCBr,train
COc1c(cc(cc1)[N+](=O)[O-])N,train
CCCCCCCC(=O)OCC(COC(=O)CCCCCCC)OC(=O)CCCCCCC,train
CC(C)CC[C@H](c1ccc(C(F)(F)F)nc1)N1CC[C@@H](CC(=O)[O-])C[C@H]1c1ccc(C(F)(F)F)cc1,train
Cc1ccccc1,train
c1c(cc(c(c1N)Cl)C(=O)O)Cl,train
CCN(CC1CCN(Cc2ccc(Cl)cc2Cl)CC1)C(=O)C,train
CCCCOC(=O)C,train
c1ccc(cc1)Nc1cc(ccc1)O,train
COc1cc2c(Nc3ccc(C#N)cc3)ncnc2cc1OCCCN(C)CCO,train
CC(C)Nc1ccccc1,train
c1cc(ccc1N)S(=O)(=O)O,train
COc1cc(/C=C/2\CNC/C(=C\c3ccc(O)c(OC)c3)/C2=O)ccc1O,train
OB(O)/C=C/c1ccccc1,train
COc1c(ccc(c1)/C=C/C(=O)CC(=O)/C=C/c1cc(c(cc1)O)OC)O,train
Cc1c(ccc(c1)c1cc(c(cc1)N)C)N,train
O=C(CCCCCCn1cc(c2cccnc2)nn1)Nc1ccccc1Cc1ccccc1,train
COc1cccc(C(=O)CC2(O)C(=O)Nc3ccc(Cl)cc23)c1,train
COC1=C(NC(C)C(=O)C)C(=O)c2nc(c3nc(C(=O)O)c(C)c(c4ccc(OC)c(OC)c4O)c3N)ccc2C1=O,train
C[N+](C)(C)Cc1ccccc1,train
COc1ccccc1[N+](=O)[O-],train
c1ccc(c(c1)CCl)[N+](=O)[O-],train
Cc1c(C#Cc2cnc3cnc(c4ccc(N)cc4)cn23)cccc1C(=O)Nc1cc(CN2CCN(C)CC2)cc(C(C)C)c1,train
CCCCCN(CC1CCN(Cc2ccccc2)CC1)C(=O)C,train
c1cc(c(cc1Cl)[N+](=O)[O-])N,train
C1C=CC=[C-]1,train
CCOP(=S)(OCC)SCSC(C)(C)C,train
CC(C)[N+](=O)[O-],train
Cc1c(c2ccccc2cc1)[N+](=O)[O-],train
COc1ccc2nc3c(c(NCCCNC(=O)c4sc(c5ccnc(NC(=O)C6CC6)c5)nc4OC)c2c1)CCCC3,train
CSc1nc(Nc2cccc(O)c2)c2cnn(CC(C)c3ccccc3)c2n1,train
COc1ccc(NS(=O)(=O)c2ccc3c(c2)N(C(=O)C)CC(C)O3)cc1Cl,train
c1cc2c(c(c(cc2Cl)I)O)nc1,train
CC(C)CC(=O)C,train
Oc1[nH]c2c(Br)cccc2c1C1=Nc2ccccc2/C/1=N\OCCN1CCNCC1,train
C[N+]1(CCOc2cnc3-c4c(C(=O)c5c3c2ccc5)cccc4)CCCCC1,train
CCCc1ccc(C(=O)NCCCN(C)Cc2ccccc2)cc1,train
Cc1cc(c(cc1)N)N,train
Nc1nccc(c2c[nH]c3ncc(c4ccc(Cl)cc4)cc23)n1,train
C1CCC(C1)O,train
c1nc(nc(=O)n1[C@H]1[C@@H]([C@@H]([C@H](O1)CO)O)O)N,train
c1ccc(c(c1)C(=O)O)Cl,train
CN(C)CCCCl,train
CC[C@H](CO)Nc1nc(NCc2cccnc2)c2ncn(C(C)C)c2n1,train
CCCCOCCOCCSC#N,train
Nc1cc(c2ccco2)c2oc(c3ccco3)nc2c1,train
COc1c(ccc(c1)C=O)O,train
C=C1[C@@H]2CC[C@H]3[C@@]45CO[C@@](O)([C@@H](O)[C@@H]4C(C)(C)CC[C@@H]5OC(=O)C)[C@@]3([C@@H]1O)[C@@H]2O,train
CCOc1ccc2c(=O)c(c3ccc(OC)c(N(CCCl)CCCl)c3)coc2c1,train
O=C1C(=C(Nc2nc(c3ccc([N+](=O)[O-])cc3)cs2)C(=O)c2ccccc12)Cl,train
c1cc(ccc1CCN)O,train
O=C(Nc1cnn(c2cccc(C(=O)Nc3cnn(C4CCNCC4)c3)c2)c1)Nc1ccccc1Cl,train
CCC1CO1,train
O=C(c1c[nH]c2ccccc12)C(NCc1ccc2c(c1)OCO2)c1ccccc1,train
Cc1ccccc1Br,train
C1CNCc2ccccc12,train
CC1C(C(C(C(O1)OC1C(C(OC(C1OC(=O)C=Cc1cc(c(cc1)O)O)COC1C(C(C(C(O1)CO)O)O)O)OCCc1cc(c(cc1)O)O)O)O)O)O,train
C=C1C(=O)[C@@]23[C@@H](CC[C@@H]1[C@H]2O)[C@]1(C)[C@@H](O)C[C@H](O)C(C)(C)[C@H]1C[C@H]3O,train
Cc1cnccc1,train
Nc1nccc(c2c[nH]c3nccc(Cl)c23)n1,train
Cc1cc(c(cc1C1(c2ccccc2S(=O)(=O)O1)c1cc(c(cc1C)O)C)C)O,train
CC1=CC(=O)[N-]S(=O)(=O)O1,train
O=C(CN1CCCC1)Nc1ccc2-c3nccc4cccc(C(=O)c2c1)c34,train
COc1cc(CNc2ccc(Nc3c4c(nc5ccccc35)CCCC4)cc2)ccc1O,train
c1cc(ccc1NO)N=O,train
C[C@H]1C[C@@H](C(=O)[C@@H](C1)[C@@H](CC1CC(=O)NC(=O)C1)O)C,train
CC1CC2=C(CC1(C)C(=O)C)C(CCC2)(C)C,train
CC(C)[C@H](CO)Nc1nc(Nc2cccc(c3cccnc3)c2)c2ncn(C(C)C)c2n1,train
CCCCCCCCc1ccc(cc1)O,train
CCC(O)OC(CC)O,train
CN(C)CCOC(c1ccccc1)c1ccccc1,train
C1CCN(CC1)N=O,train
CN(C(=N)N[N+](=O)[O-])N=O,train
COc1cc(/C=C/C(=O)CC(=O)/C=C/c2ccc(O)c(OC)c2)ccc1O,train
COc1cc2c(Nc3ccc(C#N)cc3)ncnc2cc1OCCCN1CCN(C)CC1,train
CN(C)CCO/N=C\1/C(=Nc2ccccc12)c1c(O)n(C)c2c(Br)cccc12,train
CN1CCCC1c1cnccc1,train
CCCCC(CC)COC(=O)c1cc(c(cc1)C(=O)OCC(CC)CCCC)C(=O)OCC(CC)CCCC,train
c1c(cc(cc1Cl)Cl)C(=O)O,train
CC(C)(C)C(CCc1ccc(cc1)Cl)(Cn1cncn1)O,train
CCc1ccccc1O,train
O=C(CCN1CCCC1)Nc1ccc2-c3nccc4cccc(C(=O)c2c1)c34,train
CN(CCCNC(=O)c1ccccc1Cl)Cc1ccccc1,train
c1c(cc(c(c1Cl)Cl)Cl)Cl,train
c1cc(ccc1C(c1ccc(cc1)Cl)C(Cl)(Cl)Cl)Cl,train
CC(C)(C)c1ccc(cc1)OCC1CO1,train
CN(C)CCOC(=O)C=C,train
O=C(CCCCCC(=O)N(Cc1ccccc1)C(Cc1ccccc1)C(=O)NCCc1ccccc1)NO,train
CCOC(=O)C1C(O1)(C)c1ccccc1,train
c1cc(cc(c1)Cl)Cl,train
CN(CCCNS(=O)(=O)c1ccc(Cl)cc1)Cc1ccccc1,train
CN(CCOC(=O)/C=C/C(=O)c1ccc(F)cc1)C(C(=O)NC(C)(C)C)c1ccc(F)cc1,train
Cc1ccccc1O,train
O=C(NC1CCCc2ccccc12)C1CCN(Cc2ccccc2)CC1,train
CCOc1ccc(cc1)NC(=O)C,train
c1c(cc(c(c1Cl)N)Cl)[N+](=O)[O-],train
C[C@]12CC[C@H]3[C@H]([C@@H]1CC[C@]2(C)O)CC[C@@H]1[C@@]3(C/C(=C/O)/C(=O)C1)C,train
COc1ccc(/C=C/C(=O)/C=C/c2nc3cc([N+](=O)[O-])ccc3n2C)cc1O,train
c1ccc(c(c1)C(=O)Cl)F,train
c1ccc(c(c1)O)O,train
CN(CCCCCCCOc1ccc(c2oc3ccccc3c2C(=O)c2ccccc2)cc1)Cc1ccccc1,train
CC(=O)NS(=O)(=O)c1ccc(cc1)N,train
C[C@H]1/C=C/C=C(\C(=O)Nc2c(c(c3c(c2O)c(c(c2c3C(=O)[C@](O2)(O/C=C/[C@@H]([C@H]([C@H]([C@@H]([C@@H]([C@@H]([C@H]1O)C)O)C)OC(=O)C)C)OC)C)C)O)O)/C=N/N1CCN(CC1)C)/C,train
c1(c(c(c(c(c1Cl)Cl)Cl)Cl)Cl)[N+](=O)[O-],train
N[C@@H](Cc1ccc(N(CCCl)CCCl)cc1)C(=O)O,train
c1coc(c1)C=O,train
CC1C2CC2(CC1=O)C(C)C,train
C=Cc1ccccc1Cl,train
C/C=C/c1cc(c(cc1)O)OC,train
COc1cccc(C(=O)Cn2c(=O)[nH]c3ccc(Cl)cc23)c1,train
C=C(C)COc1ccc2c(=O)c(c3ccc(OC)c(N(CCCl)CCCl)c3)coc2c1,train
CC(C)CCC[C@@H](C)[C@H]1CC[C@H]2[C@@H]3C[C@@H](O)[C@@]4(O)C[C@@H](O)CC[C@]4(C)[C@H]3CC[C@]12C,train
C/C=C\1/NC(=O)[C@H](CCO)NC(=O)C[C@@H](CCCCC)NC(=O)CNC(=O)[C@H](CC(C)C)NC(=O)[C@@H]([C@@H](C)CC)NC(=O)[C@H]([C@@H](C)CC)NC(=O)[C@@H](CC(C)C)NC(=O)[C@@H](Cc2ccccc2)NC(=O)[C@H](CCO)NC(=O)[C@@H]2C[C@@H](O)CN2C1=O,train
COc1cccc(/C=C/n2cc(/C=C/c3cc(OC)c(OC)c(OC)c3)nn2)c1,train
COc1c(ccc(c1)CC=C)O,train
CCCCC(CC)COCCCN,train
CCOC(=O)C=C,train
c1ccc(cc1)CC#N,train
C/C=C/c1cc2c(cc1)OCO2,train
C[C@H]1CNCCN1S(=O)(=O)c1cccc2cnccc12,train
Cc1c(c(=O)cco1)O,train
COc1cc2c(cc1OC)C(=O)C(CC1CCN1Cc1ccccc1)C2,train
C[C@@H]1CC[C@H]2[C@@](C)(C(=O)Nc3ccccc3NC(=O)[C@@]3(C)O[C@@H]4O[C@@]5(C)CC[C@H]6[C@H](C)CC[C@@H]3[C@@]46OO5)O[C@@H]3O[C@@]4(C)CC[C@@H]1[C@@]23OO4,train
Cc1c(ccc(c1)Nc1ccc(cc1)O)N,train
O=C(NCc1ccncc1)C1CCN(Cc2ccccc2)CC1,train
Cc1[nH]c2ccc(F)cc2c1CC(NCc1ccccc1)c1ccccc1,train
COc1cc2oc3c(OC)c(c4cc(CC=C(C)C)c(O)c(OC)c4)cc(OC)c3c2cc1OC,train
C[C@H]1CCCC(=O)CCC/C=C/c2c(c(cc(c2)O)O)C(=O)O1,train
CCCCCCCCC/C=C/CC1CC(=O)OC1=O,train
c1c(oc(c1)C=O)CO,train
COc1cc(c(cc1C=O)OC)OC,train
CC(CCl)OC(C)CCl,train
C([N+](=O)[O-])([N+](=O)[O-])([N+](=O)[O-])[N+](=O)[O-],train
Nc1ccc2[nH]cc(c3nc(N)ncc3I)c2c1,train
O=C1C=C(NCCCNCc2cc3ccccc3o2)C(=O)C=C1NCCCNCc1cc2ccccc2o1,train
O=C(c1ccccc1)N1CCC(CCCCn2cc(c3ccccc3)nn2)CC1,train
CCCCOC(=O)NCCc1nc(c2ccc(CCC)cc2)c[nH]1,train
c1ccc(cc1)C(=O)O,train
FC(F)(F)c1ccc(COc2ccc(Nc3ncnc4cc5c(cc34)OCCOCCOCCOCCO5)cc2)cc1,train
Cn1cnc2c1c(=O)n(c(=O)n2C)C,train
CN(CCCNC(=O)c1ccc(Cl)cc1)CCc1ccccc1,train
CC1=C(C(CCC1)(C)C)/C=C/C(=C/C=C/C(=C/C(=O)Nc1ccc(cc1)O)/C)/C,train
C(CSSCCC(=O)O)C(=O)O,train
Cc1cc2ccccc2cc1,train
c1cc(ccc1C=O)Cl,train
CC(=C)CCl,train
CC1=CC(=O)O[C@]21C[C@H]1C[C@H](O)[C@@]3(C)Oc4cc(O)cc(C)c4C[C@H]3CC(C)(C)/C=C/C[C@]1(C)O/C/2=C\C(=O)O,train
c1cc(cc(c1)[N+](=O)[O-])C(=O)O,train
NC(=O)c1cc[n+](C/C=C/C[n+]2cc(Cl)c(/C=N/O)c(Cl)c2)cc1,train
COc1cccc(/C=C/c2cn(/C=C/c3ccccc3)nn2)c1,train
c1ccc(c2ccc(c3c[nH]c(CCC4CCCCC4)n3)cc2)cc1,train
c1cc(ccc1C(=O)N)[N+](=O)[O-],train
CCCCCCCCCCCCOS(=O)(=O)[O-],train
CCOC(=O)[C@]12CC[C@@H](C)[C@H](C)[C@H]1C1=CC[C@@H]3[C@@]4(C)CC[C@H](O)C(C)(C)[C@@H]4CC[C@@]3(C)[C@]1(C)CC2,train
c1cc(ccc1c1ccc(cc1)N)N,train
COc1ccccc1O,train
Nc1ncc(c2ccc(C(F)(F)F)cc2)c(c2c[nH]c3ccc(Br)cc23)n1,train
COc1ccc(CCCO)c2cc(CC(=O)C)oc(=O)c12,train
Nc1ncc(I)c(c2c[nH]c3ccc(Br)cc23)n1,train
c1cc(ccc1N)Cl,train
CCC/C=N/O,train
c1ccc(c(c1)C(F)(F)F)Cl,train
C(=C\c1cn(/C=C/c2ccccc2)nn1)/c1ccccc1,train
Cc1cc(Nc2ncc3ncc(=O)n(c4ccc(N)cc4)c3n2)ccc1N1CCN(C)CC1,train
COc1cc(/C=C/c2cn(/C=C/c3ccc(O)cc3)nn2)ccc1O,train
c1cc(cc(c1)[N+](=O)[O-])C(=O)Cl,train
O=C1Nc2cc(Br)ccc2/C/1=C\1/Nc2ccccc2/C1=N\OCCN1CCNCC1,train
O=C(NCCCN1Cc2ccccc2C1)c1ccc(Cl)cc1,train
CCc1ccc(cc1)C(c1ccc(cc1)CC)C(Cl)Cl,train
c1cc(c(cc1[N+](=O)[O-])[N+](=O)[O-])F,train
C=C1C(=O)[C@@]23[C@@H](C(=O)[C@H](O)[C@@H]1[C@H]2O)[C@]1(C)CCCC(C)(C)[C@H]1C[C@H]3O,train
CCOP(=O)(Cl)Cl,train
c1ccc(cc1)C(F)(F)F,train
CCOCC(=O)O,train
c1ccc2c(c1)[nH]c(=S)s2,train
c1ccc2c3c4c(-c5ccccc5-c4cc2c1)ccc3,train
CC(C)COC(=O)C(=C)C,train
C[NH+](C)CCC(c1ccc(cc1)Cl)c1ccccn1,train
COc1cc(/C=C/C(=O)/C=C/c2nc3cc(Cl)ccc3n2C)ccc1O,train
CCOC(=O)C1CCN(CCCOc2cc3ncnc(Nc4ccc(C#N)cc4)c3cc2OC)CC1,train
O=C1NC(=O)/C(=C/c2cn(c3ccc([N+](=O)[O-])cc3)nc2c2ccc(Cl)cc2)/S1,train
Cc1cc(cc(c1)O)C,train
CN(C)NC(=O)CCC(=O)O,train
O=Nc1c(c2c(O)[nH]c3c(Cl)cccc23)[nH]c2ccccc12,train
COc1cc2c(cc1OC)C(=O)C(CC1CCCN(Cc3ccccc3)C1)C2,train
COc1ccc(c2occc2c2cc(OC)c(OC)c(OC)c2)cc1O,train
COc1cc(/C=C/c2ccc(OCCCC[P+](c3ccccc3)(c3ccccc3)c3ccccc3)cc2)cc(OC)c1,train
COc1ccc2c3c1O[C@H]1C[C@@H](O)C=C[C@@]31CCN(CCCCCC(=O)NC13CC4CC(C)(CC(C)(C4)C1)C3)C2,train
CCCN(CCC)S(=O)(=O)c1ccc(cc1)C(=O)O,train
C=C1[C@@H]2[C@@H](O)[C@H](O)[C@H]3[C@]4(C)CCCC(C)(C)[C@H]4CC(=O)[C@@]3([C@@H]1OC(=O)C)[C@@H]2O,train
c1ccc(cc1)N(N=O)[O-],train
Cn1c2c(c(=O)n(c1=O)C)[nH]cn2,train
C=Cc1ccccn1,train
COc1ccccc1C(C(=O)NC1CCCCC1)N(C(=O)/C=C/C(=O)c1ccc(C)cc1)C1CCCCC1,train
COc1ccc(c2cscc2c2cc(OC)c(OC)c(OC)c2)cc1,train
CN(C)c1ccc(cc1)C1(c2c(cc(cc2)N(C)C)C(=O)O1)c1ccc(cc1)N(C)C,train
Cc1nnc(s1)NS(=O)(=O)c1ccc(cc1)N,train
CCCCC[C@H](O)CCCCCCCCCCCc1cc(O)cc(O)c1Cc1c(O)c(C)cc(C(=O)C)c1O,train
COc1c(c2ccccc2)cc(OC)c2c1oc1cc(O)c(OCC=C(C)C)cc21,train
COc1ccccc1CNCCN1C(=O)c2ccc3c4c(ccc(c24)C1=O)C(=O)N(CCNCc1ccccc1OC)C3=O,train
c1ccc2c(c1)cccc2[N+](=O)[O-],train
c1ccc(cc1)F,train
CC(C)(C)OCC1CO1,train
CCCCCCCN,train
C(CNC(=S)[S-])NC(=S)[S-],train
COc1cc(/C=C/C(=O)/C=C(\O)/C=C/c2ccc(O)c(OC)c2)ccc1O,train
Cn1cc(c2ccnc(N)n2)c2c(O)ccnc12,train
O=C(CSc1nnc(c2c[nH]c3ccccc23)n1CC1CCCO1)c1ccc(Cl)s1,train
CCCCCCCCCCCCCCC1CO1,train
Cc1ccccc1C(=O)O,train
Cc1ccc(o1)C,train
N#Cc1ccc(Nc2ncnc(Nc3ccc(C(=N)N)cc3)c2[N+](=O)[O-])cc1,train
C=C1C(=O)[C@@]23[C@@H](CC[C@@H]1[C@H]2O)[C@]1(C)CC[C@H](OC(=O)C)C(C)(C)[C@H]1C[C@H]3O,train
COc1cc(C2c3cc4c(cc3Cn3nncc23)OCO4)cc(OC)c1OC,train
COc1c(ccc(c1)c1cc(c(cc1)N=C=O)OC)N=C=O,train
FC(F)(F)c1ccc(COc2cccc(Nc3ncnc4cc5c(cc34)OCCOCCOCCOCCO5)c2)cc1,train
COc1cc2c(cc1OC)C(=O)/C(=C/C1CN(Cc3ccccc3)C1)/C2,train
O=C1S/C(=C\c2cn(c3ccccc3)nc2c2ccccc2)/C(=O)N1Cc1cccc(Br)c1,train
CCN(CC)CCOc1ccc2c3c(-c4ccccc4C2=O)nccc13,train
CC(C)(F)CC[C@@H]1OC(C)(C)O[C@]1(C)[C@H]1CC=C2C3=CC(=O)[C@@H]4C[C@H]5OC(C)(C)O[C@H]5C[C@]4(C)[C@H]3CC[C@]12C,train
Cc1ccc(cc1)NC(=O)C,train
CC(=C)C(=O)N,train
C=CC1CO1,train
COc1cc2c(cc1OC)C(=O)/C(=C/C1CCN(Cc3ccccc3)CC1)/C2,train
C[C@@H]1CC[C@H]2[C@@](C)(C(=O)OCCCCCOC(=O)[C@@]3(C)O[C@@H]4O[C@@]5(C)CC[C@H]6[C@H](C)CC[C@@H]3[C@@]46OO5)O[C@@H]3O[C@@]4(C)CC[C@@H]1[C@@]23OO4,train
CC(=O)OC=C,train
c1ccc(cc1)C=O,train
C=C1C(=O)[C@@]23[C@@H](CC[C@@H]1[C@H]2O)[C@]1(C)[C@@H](O)C[C@H](OC(=O)C)C(C)(C)[C@H]1C[C@H]3O,train
CC(=O)Nc1ccc(C2=CC(c3ccc(Cl)cc3Cl)n3nc(CCCO)nc3N2)cc1,train
c1cc(c(cc1[N+](=O)[O-])[N+](=O)[O-])N,train
C(C(CO)(CBr)CBr)O,train
Cc1ccc(cc1)S(=O)(=O)NC1CCCCC1,train
Cc1cnc2nc1Nc1cc(cc(N3CCOCC3)c1)Nc1ncc(C)c(n1)Nc1cc(cc(N3CCOCC3)c1)N2,train
O=C(CCCCCCn1cc(c2cccnc2)nn1)NCC(c1ccccc1)c1ccccc1,train
CNc1ccc(cc1)O,train
COc1ccc(c2coc3cc(OCCC(C)C)ccc3c2=O)cc1N(CCCl)CCCl,train
O=Nc1c(c2c(O)[nH]c3c(Br)cccc23)[nH]c2ccccc12,train
C(C(=O)O)(Cl)Br,train
C[C@]12CC[C@H]3[C@@H](CC=C4C[C@@H](OC(=O)Cn5cc(CN6C(=O)C(=O)c7ccccc67)nn5)CC[C@]34C)[C@@H]1CCC2=O,train
CC(C)[C@H](CO)Nc1nc(Nc2cccc(c3ccccc3)c2)c2ncn(C(C)C)c2n1,train
C1CNC(=S)N1,train
C(CCl)OP(OCCCl)OCCCl,train
CCOP(=O)(NC(C)C)Oc1cc(c(cc1)SC)C,train
C1C(C(C(CC1(C(=O)O)O)OC(=O)C=Cc1cc(c(cc1)O)O)O)O,train
CC(=O)c1ccc(cc1)[N+](=O)[O-],train
CCOc1c(ccc(c1)C=O)O,train
O=[N+]([O-])c1ccc(COc2ccccc2Nc2ncnc3cc4c(cc23)OCCOCCO4)cc1,train
CCn1cc(C(=O)O)c(=O)c2cc(F)c(N3CCN(/C=N/NC(=O)c4ccc(C(F)(F)F)cc4)CC3)cc12,train
c1ccc2c(c1)Nc1ccccc1S2,train
Cc1c2c(ncc1)N(c1c(cccn1)C(=O)N2)C1CC1,train
Cc1c(cc(c(c1[N+](=O)[O-])OC)C(C)(C)C)[N+](=O)[O-],train
CC1(C2CCC(O1)(CC2)C)C,train
COc1cc(N2CCN(C)CC2)ccc1Nc1nc(N)n(C(=O)NCc2c(Cl)cccc2Cl)n1,train
CC1=CC(Nc2ccccc12)(C)C,train
CCCCC(CC)COC(=O)c1ccccc1C(=O)O,train
CC(C)COC(=O)c1ccccc1C(=O)OCC(C)C,train
c1cc(ccc1N)Sc1ccc(cc1)N,train
C(C(Cl)Cl)(Cl)Cl,train
CCCCCc1cc(O)c2c(c1)OC(C)(C)[C@@H]1CCC(=C[C@@H]21)C,train
CC12CCC(=O)C=C1CCC1C2C(CC2(C1CCC2C(=O)CO)C)O,train
CCCCC/C=C/C=C/C=O,train
CCCCOCCOCCOCCCC,train
CN(C)c1cc(ccc1)O,train
C[C@@H]1CC[C@H]2[C@@H](C)[C@@H](O)O[C@@H]3O[C@@]4(C)CC[C@@H]1[C@@]23OO4,train
Cc1ccc(cc1)O,train
C[C@@H]1[C@H]2C3=CC[C@@H]4[C@@]5(C)CC[C@H](O)C(C)(C)[C@@H]5CC[C@@]4(C)[C@]3(C)CC[C@@]2(C(=O)NC(Cc2ccc(O)cc2)C(=O)O)CC[C@H]1C,train
c1ccc2c(c1)c(c([nH]2)C1=Nc2ccccc2C1=O)O,train
Cc1cc(cc(c1)N)C,train
CC(C)C=O,train
c1cc(c(c(c1)Cl)C=O)Cl,train
O=C(CCCCCCCn1cc(c2cccnc2)nn1)NCC(c1ccccc1)c1ccccc1,train
CC1=C(C(CCC1)(C)C)/C=C/C(=C/C=C/C(=C/COC(=O)C)/C)/C,train
c1c(c(c(c(c1Cl)Cl)Cl)Cl)[N+](=O)[O-],train
CC1(C)CCC2(CC1)N[C@H](C(=O)N[C@H]1CC[C@H](C(=O)N)OC1)[C@@H](c1ccnc(Cl)c1F)[C@]12C(=O)Nc2cc(Cl)ccc12,train
O=C([O-])C[C@@H]1CCN([C@@H](c2ccc(C(F)(F)F)nc2)C2CC2)[C@H](c2ccc(C(F)(F)F)cc2)C1,train
CCCC(=O)OC(=O)CCC,train
COc1ccccc1NC(=O)CCCCCCn1cc(c2cccnc2)nn1,train
FC(F)(F)c1ccc(COc2cccc(Nc3ncnc4cc5c(cc34)OCCOCCO5)c2)cc1,train
COc1ncc(c2cc(O[C@@H]3CCOC3)c3nc(N)nc(C)c3c2)cc1NS(=O)(=O)c1ccc(F)cc1F,train
CCCC(C)(COC(=O)N)COC(=O)NC(C)C,train
Cc1c(cc(cc1)O)C,train
COc1ccc(/C=C\c2cc(OC)c(OC)c(OC)c2)cc1O,train
COc1nc(c2ccnc(NC(=O)C3CC3)c2)sc1C(=O)NCCNc1c2c(nc3ccccc13)CCCC2,train
c1cc(c(c(c1Cl)Cl)Cl)Cl,train
COc1ccc(/C=C/C(=O)c2cc(OC)c(OC)c(OC)c2)cc1O,train
c1c(c(cc(c1Cl)Cl)Cl)Cl,train
CCOCCO,train
CC[N+](CC)(CC)CCCCOc1ccc(/C=C/c2cc(OC)cc(OC)c2)cc1,train
COc1ncc(c2cc(OC3CCOCC3)c3nc(N)nc(C)c3c2)cc1NS(=O)(=O)c1ccc(F)cc1F,train
O=C(Nc1nccs1)C1CCN(Cc2ccccc2)CC1,train
CCCCCC[N+](=O)[O-],train
C1CCC2C(C1)O2,train
O=C(N/N=C/Nc1ccc(C(=O)O)c(O)c1)c1ccc(C(F)(F)F)cc1,train
COc1ccnc2[nH]cc(c3ccnc(SC)n3)c12,train
COc1ccc2c3c1O[C@H]1C[C@@H](O)C=C[C@@]31CCN(C)C2,train
c1cc(ccc1CCO)[N+](=O)[O-],train
O=C(N/N=C/Nc1ccc(C(=O)O)c(O)c1)c1ccc(F)cc1,train
CN(C)CCCNCCCN,train
C=CCOCC1CO1,train
c1ccc(cc1)NC(=S)N,train
CCC(C)Nc1ccc(cc1)NC(C)CC,train
O=C(CCCCCCCCn1cc(c2cccnc2)nn1)NCC(c1ccccc1)c1ccccc1,train
c1ccc(cc1)C(=O)OCC(COC(=O)c1ccccc1)(COC(=O)c1ccccc1)COC(=O)c1ccccc1,train
CCC(C)C(=O)O,train
CC(C)CCOC(=O)/C=C/c1ccccc1,train
COc1cc2c(Nc3ccc(C#N)cc3)ncnc2cc1OCCCN1CCOCC1,train
COP(=O)(OC)OC=C(Cl)Cl,train
Cc1c(cc(cc1)[N+](=O)[O-])N,train
CC(C)[C@H](CO)Nc1nc(Nc2ccc(c3cccnc3)cc2)c2ncn(C(C)C)c2n1,train
CSCCC=O,train
O=C(CCCCCCn1cc(c2cccnc2)nn1)n1c2ccccc2c2ccccc12,train
c1cc2c(c(c1)O)nccc2,train
CCCCC(CC)COC(=O)c1ccc(cc1)N(C)C,train
c1cc(ccc1C(=N)N)OCCCCCOc1ccc(cc1)C(=N)N,train
O=C(NCCc1c[nH]c2ccccc12)C1CCN(Cc2ccccc2)CC1,train
CCCCC[C@@H](CCCCCCCCCCCc1cc(O)cc(O)c1C(=O)O)OS(=O)(=O)O,train
COc1c(cc(cc1)CC=C)OC,train
CCOC(=O)c1sc(c2ccnc(NC(=O)C3CC3)c2)nc1OCCNc1c2c(nc3ccccc13)CCCC2,train
C=CCO,train
CCCCCC[C@H](c1ccc(C(F)(F)F)nc1)N1CC[C@@H](CC(=O)[O-])C[C@H]1c1ccc(C(F)(F)F)cc1,train
CCCCCCCC/C=C\CCCCCCCC(=O)N(CCO)CCO,train
C[C@@H]1CC[C@H]2[C@@](C)(COP(=O)(OC[C@@]3(C)O[C@@H]4O[C@@]5(C)CC[C@H]6[C@H](C)CC[C@@H]3[C@@]46OO5)Oc3ccccc3)O[C@@H]3O[C@@]4(C)CC[C@@H]1[C@@]23OO4,train
c1ccc(COc2cccc(Nc3ncnc4cc5c(cc34)OCCOCCO5)c2)cc1,train
c1cc2c(cc1[N+](=O)[O-])C(=O)OC2=O,train
CC(C)(C(=O)O)O,train
CC/C(=C(\c1ccccc1)/c1ccc(cc1)OCCN(C)C)/c1ccccc1,train
CC(C)Sc1nc(Nc2cccc(O)c2)c2cnn(CC(Cl)c3ccccc3)c2n1,train
CC[C@H](CO)Nc1nc(Nc2cccc(c3ccncc3)c2)c2ncn(C(C)C)c2n1,train
COc1ccc(cc1)CC=C,train
CCOc1cc(/C=C/2\CN(C(=O)CCC(=O)NCCCNCCCCNCCCN)C/C(=C\c3ccc(O)c(OCC)c3)/C2=O)ccc1O,train
Cc1ccccc1N,train
C=C1C(=O)[C@@]23[C@@H]([C@@H](O)C[C@@H]1[C@H]2O)[C@]1(C)CCC[C@](C)(C=O)[C@H]1C[C@H]3O,train
CCC=O,train
C(=C\C(=O)O)\C(=O)O,train
C[C@@H]1[C@H]2C3=CC[C@@H]4[C@@]5(C)CC[C@H](O)C(C)(C)[C@@H]5CC[C@@]4(C)[C@]3(C)CC[C@@]2(C(=O)N2CCN(CCO)CC2)CC[C@H]1C,train
c1cc(c(c(c1)Cl)Cl)O,train
CCCCC(CC)CO,train
COc1ccc(/C=C/c2cn(/C=C/c3ccccc3)nn2)cc1,train
CCCCCC(=O)N,train
c1c(sc(n1)N)[N+](=O)[O-],train
CCCCOC(=O)[C@]12CC[C@@H](C)[C@H](C)[C@H]1C1=CC[C@@H]3[C@@]4(C)CC[C@H](O)C(C)(C)[C@@H]4CC[C@@]3(C)[C@]1(C)CC2,train
Cc1c(cccc1[N+](=O)[O-])N,train
COc1ccc([C@]23O[C@@H]4C2O[C@](OC)([C@H]3O)[C@]4(O)c2ccc(O)cc2)cc1,train
CC(C(=O)O)O,train
Cc1ccc(NC(=O)Nc2nnc(Sc3ncnc4cc(OCCCN5CCOCC5)ccc34)s2)cc1,train
Nc1nccc(c2c[nH]c3ncccc23)n1,train
C/C=C(/C)\C#N,train
CCCCCO,train
c1cc(c(cc1F)F)N,train
C1COC1=O,train
COc1cc([C@@H]2c3cc4c(cc3[C@@H](Nc3nnc(C)o3)[C@H]3COC(=O)[C@H]23)OCO4)cc(OC)c1O,train
COc1cc(Nc2ncnc(Nc3ccc(C(=N)N)cc3)c2[N+](=O)[O-])cc(OC)c1OC,train
CC(=O)Oc1ccc(cc1)C(c1ccc(cc1)OC(=O)C)c1ccccn1,train
CCOC(C)OCC,train
CC(C)(F)CC[C@@H]1OC(C)(C)O[C@]1(C)[C@H]1CC[C@@]2(O)C3=CC(=O)[C@@H]4C[C@H]5OC(C)(C)O[C@H]5C[C@]4(C)[C@H]3CC[C@]12C,train
CCc1nccc(c1)C(=S)N,train
CN(C)CCCC(=O)Nc1ccc2-c3nccc4cccc(C(=O)c2c1)c34,train
CC1=C2CC[C@@](C)(O)[C@@H]2[C@H]2OC(=O)[C@@H](CN(C)C)[C@@H]2CC1,train
C[C@@H]1CC[C@H]2[C@@H](C)[C@H](N3CCN(C(=O)Nc4ccc(F)cc4)CC3)O[C@@H]3O[C@@]4(C)CC[C@@H]1[C@@]23OO4,train
CC(C)(C)NC(=O)C(c1ccc(F)cc1)N(C(=O)/C=C/C(=O)c1ccc(F)cc1)C1CC1,train
c1csc(n1)N,train
Cc1[nH]c2ccc(F)cc2c1CCNCc1ccccc1,train
c1ccc(COc2ccccc2Nc2ncnc3cc4c(cc23)OCCOCCOCCO4)cc1,train
C=CCN=C=S,train
CCC#N,train
c1ccc(c(c1)C(=O)O)C(=O)O,train
CCN(CC)c1cc(ccc1)O,train
CN(CCCNC(=O)c1ccc(C(F)(F)F)cc1)Cc1ccccc1,train
c1cc2c(cccc2[N+](=O)[O-])c(c1)[N+](=O)[O-],train
COc1nc(c2ccnc(NC(=O)C3CC3)c2)sc1C(=O)NCCCCCCNc1c2c(nc3ccccc13)CCCC2,train
Oc1ccc(/C=C/n2cc(/C=C/c3ccc(O)c(O)c3)nn2)cc1,train
CNc1ccccc1,train
O=C1NC(=O)/C(=C/c2cn(c3ccccc3)nc2c2ccccc2)/S1,train
C[C@@H]1[C@H]2C3=CC[C@@H]4[C@@]5(C)CC[C@H](O)C(C)(C)[C@@H]5CC[C@@]4(C)[C@]3(C)CC[C@@]2(C(=O)NCCO)CC[C@H]1C,train
O=C(O)c1ccc(N/C=N/NC(=O)c2ccccc2F)cc1O,train
C[C@@H]1CC[C@H]2[C@@](C)(C(=O)NCCCCCCNC(=O)[C@@]3(C)O[C@@H]4O[C@@]5(C)CC[C@H]6[C@H](C)CC[C@@H]3[C@@]46OO5)O[C@@H]3O[C@@]4(C)CC[C@@H]1[C@@]23OO4,train
C=CC(=O)OCCOCCOC(=O)C=C,train
C1Nc2cc(c(cc2S(=O)(=O)N1)S(=O)(=O)N)Cl,train
O=C(NCCc1nc(c2ccc(c3ccccc3)cc2)c[nH]1)OC1CCCCC1,train
COc1cc([C@@H]2c3cc4c(cc3[C@@H](Nc3nnc(c5ccco5)o3)[C@H]3COC(=O)[C@H]23)OCO4)cc(OC)c1OC,train
COc1ccc(/C=C/C(=O)/C=C/c2nc3cc(C)ccc3n2C)cc1O,train
c1ccc(c(c1)C(=O)N)[N+](=O)[O-],train
CCC[C@@H](C(=O)O)c1cc(OCc2ccccc2)cc(c2ccc(C(F)(F)F)cc2)c1,train
C(CCl)CCl,train
c1c(cc(c(c1Br)O)Br)Br,train
C[C@]12CC[C@H]3[C@@H](CC=C4C[C@@H](OC(=O)Cn5cc(COc6ccc(C(=O)/C=C/c7ccc(Cl)c(Cl)c7)cc6)nn5)CC[C@]34C)[C@@H]1CCC2=O,train
CCN1CCN(CCCOc2cc3ncnc(Nc4ccccc4C#N)c3cc2OC)CC1,train
CCCCCCCCCCCC[N+](C)(C)CCOc1ccccc1,train
CCN(CC)CCO/N=C\1/C(=C\2/C(=O)Nc3cc(Br)ccc23)/Nc2ccccc12,train
Nc1nccc(c2cn(C(=O)N3CCOCC3)c3ccc(Br)cc23)n1,train
CN(C)c1ccc(cc1)C(=C1C=CC(=[N+](C)C)C=C1)c1ccc(cc1)N(C)C,train
CCN(CC)CCCOc1cc2ncnc(Nc3ccc(C#N)cc3)c2cc1OC,train
CC(C)CC(C)Nc1ccc(cc1)Nc1ccccc1,train
CC(=C)C(=O)OCC1CO1,train
CC(=O)Oc1ccccc1C(=O)O,train
O=C(CCCCCCCn1cc(c2cccnc2)nn1)Nc1ccccc1Cc1ccccc1,train
CCc1ccccc1,train
COc1cc2c(Nc3ccc(C#N)cc3)ncnc2cc1OCCCN1CCC(c2ccccc2)CC1,train
CC(=CCl)C,train
Cc1c(cccc1Cl)N,train
NC(=O)c1sc(c2ccnc(NC(=O)C3CC3)c2)nc1OCCNc1c2c(nc3ccccc13)CCCC2,train
CCC(C)(C)C(=O)O,train
c1ccc2c(c1)ccc(=O)o2,train
c1ccc2c(c1)c(c[nH]2)CO,train
C(C(CBr)(CBr)CBr)O,train
CC(C)NC(=O)C=C,train
CCCn1ccc(c2cnc(N)c(O[C@H](C)c3c(Cl)ccc(F)c3Cl)c2)cc1=O,train
CCCOC(=O)c1ccc(cc1)O,train
Cc1c(cc(cc1)N)C,train
C[C@]12CC[C@H]3[C@@H](CC=C4C[C@@H](OC(=O)Cn5cc(COc6ccc(Br)cc6)nn5)CC[C@]34C)[C@@H]1CCC2=O,train
c1ccc(cc1)N(c1ccccc1)N=O,train
CC[C@H](CO)Nc1nc(NCc2cccc(c3ccncc3)c2)c2ncn(C(C)C)c2n1,train
[O-][Cr](=O)(=O)O[Cr](=O)(=O)[O-],train
COc1cccc(c2cnc(N)nc2c2c[nH]c3cc(Br)ccc23)c1,train
CCCCCc1cc(O)c2c(c1)OC(C)(CCC=C(C)C)C=C2,train
CCCCCCCCCc1ccc(cc1)O,train
Cc1ccc(cc1)C(C)(C)C,train
C=CCBr,train
c1ccc(cc1)C(=O)C=O,train
c1c2-c(ncnc2=O)[nH][nH]1,train
COc1cc(cc2c1OCO2)CC=C,train
COc1nc(c2ccnc(NC(=O)C3CC3)c2)sc1C(=O)NCCCNc1c2c(nc3cc(Cl)ccc13)CCCC2,train
CCCCCCCCCCCCCCCC[n+]1ccccc1,train
C1CCC(CC1)NC(=S)NC1CCCCC1,train
CCCCCCO,train
C1CCC(=O)CC1,train
CC1=C(C(CCC1)(C)C)/C=C/C(=C/C=C/C(=C/C=O)/C)/C,train
Nc1nccc(c2c[nH]c3ncc(c4ccc(F)cc4)cc23)n1,train
c1ccc(COc2ccccc2Nc2ncnc3cc4c(cc23)OCCOCCO4)cc1,train
CN(C)CCC(=O)Nc1ccc2-c3nccc4cccc(C(=O)c2c1)c34,train
O=C1Nc2cc(Br)ccc2/C/1=C\1/Nc2ccccc2/C1=N\O,train
COc1ccc(C)cc1NC(=O)c1cnn2c(C(F)F)cc(c3ccc(C)cc3)nc12,train
c1cc[n+](c(c1)[S-])[O-],train
Cc1c(cc(cc1)[N+](=O)[O-])C,train
Cc1cc(NC(=O)c2cccc(n3cc(NC(=O)Nc4ccccc4Cl)cn3)c2)cc(C)n1,train
CCC(C)Oc1ccc2c(=O)c(c3ccc(OC)c(N(CCCl)CCCl)c3)coc2c1,train
CC(C)(c1ccc(cc1)O)c1ccc(cc1)O,train
COc1cc(/C=C/c2cn(/C=C/c3ccc(O)c(OC)c3)nn2)ccc1O,train
c1c(cc(c(c1Cl)N)Cl)Cl,train
O=C1Nc2cc(Br)ccc2/C/1=C\1/Nc2ccccc2/C1=N\OCC(O)CO,train
Nc1nccc(c2c[nH]c3ncc(c4ccoc4)cc23)n1,train
CCN(CC)c1ccccc1,train
c1cc(c(cc1[N+](=O)[O-])N)C(=O)O,train
CC(C)n1cnc2c(NCc3ccc(c4ccccn4)cc3)nc(NCC[C@H](O)CO)nc12,train
COc1ccc2c(c1)nc(/C=C/C(=O)/C=C/c1ccc(O)c(OC)c1)n2C,train
c1ccc(cc1)C#N,train
COc1nc(c2ccnc(NC(=O)C3CC3)c2)sc1C(=O)NCCCNc1c2c(nc3ccccc13)CCCC2,train
N=C(N)NCCC[C@H](NC(=O)[C@H](CCCNC(=N)N)NC(=O)[C@H](CCCNC(=N)N)NC(=O)[C@H](CCCNC(=N)N)NC(=O)[C@H](CCCNC(=N)N)NC(=O)[C@H](CCCNC(=N)N)NC(=O)[C@H](CCCNC(=N)N)NC(=O)CNC(=O)CNC(=O)[C@H](Cc1c[nH]c2ccccc12)NC(=O)[C@H](CCCNC(=N)N)NC(=O)[C@H](Cc1c[nH]c2ccccc12)NC(=O)[C@H](CCCNC(=N)N)NC(=O)[C@@H](N)Cc1c[nH]c2ccccc12)C(=O)N,train
COC(=O)CCC(=O)OC,train
Cc1c2ccc3cccc4c3c2c(cc1)cc4,train
Cc1cnc[nH]1,train
CC(=CCCC(C)(C=C)O)C,train
CC[C@H](CO)Nc1nc(c2cccnc2)c2ncn(C(C)C)c2n1,train
CC(C)n1cnc2c(NCc3ccc(c4ccccn4)cc3)nc(NC[C@@H](O)CO)nc12,train
COc1ccc(/C=C/C(=O)/C=C/c2nc3cc(O)ccc3n2C)cc1O,train
C[C@@H]1CC[C@H]2[C@@](C)(C(=O)OCCCCCCCCOC(=O)[C@@]3(C)O[C@@H]4O[C@@]5(C)CC[C@H]6[C@H](C)CC[C@@H]3[C@@]46OO5)O[C@@H]3O[C@@]4(C)CC[C@@H]1[C@@]23OO4,train
C(C(=O)O)C(CC(=O)O)(C(=O)O)O,train
CC(C)C(C)C,train
CC(=C)c1ccccc1,train
c1ccc(c(c1)N)S(=O)(=O)O,train
CCCCNC(=O)NS(=O)(=O)c1ccc(cc1)C,train
C1C=CC2C1C1CC2C=C1,train
COc1cc(/C=C/C(=O)/C=C/c2nc3cc([N+](=O)[O-])ccc3n2C)ccc1O,train
CC1=CCC2[C@@H]1[C@H]1OC(=O)[C@@H](C)[C@@H]1C[C@]1(C)O[C@H]21,train
C[C@]12CC[C@H]3[C@@H](CC=C4C[C@@H](OC(=O)Cn5cc(COc6ccc(/C=C/C(=O)c7ccccc7)cc6)nn5)CC[C@]34C)[C@@H]1CCC2=O,train
c1ccc2c(c1)cccc2Cl,train
Cc1cnc2nc1Nc1cc(cc(N3CCCC3)c1)Nc1ncc(C)c(n1)Nc1cc(cc(N3CCCC3)c1)N2,train
c1c(cc(c(c1[N+](=O)[O-])N)Br)[N+](=O)[O-],train
Cn1cc(SCC(=O)N2N=C(c3cccs3)CC2c2ccc(F)cc2)c2ccccc12,train
O=C(CCCCCCn1cc(c2cccnc2)nn1)Oc1ccccc1c1ccccc1,train
O=C1Nc2cc(Br)ccc2/C/1=C\1/Nc2ccccc2/C1=N\OCCN1CCCC1,train
CCCCCCC(C(=O)NC1CCCCC1)N(CCc1ccccc1)C(=O)CCCCCC(=O)NO,train
Cc1ccc2[nH]c(C)c(CC(N)c3ccccc3)c2c1,train
CC[C@H](CO)Nc1nc(NCc2ccc(c3ccccn3)cc2)c2ncn(C(C)C)c2n1,train
O=c1c(F)cn(Cc2cn(Cc3ccccc3Cl)nn2)c(=O)n1Cc1cn(Cc2ccccc2Cl)nn1,train
COc1cc(c2cc(NC(=O)Nc3ccc(OCCCN4CCOCC4)cc3)cc(OC)c2OC)ccc1/C(=N/O)/C,train
CCOC(=O)Cn1ccc(c2cnc(N)c(O[C@H](C)c3c(Cl)ccc(F)c3Cl)c2)cc1=O,train
c1cc(cc(c1)Cl)[N+](=O)[O-],train
c1nn(c(=O)nc1N)C1C(C(C(O1)CO)O)O,train
CC[N+](CC)(CC)CCCCCCOc1ccc(/C=C/c2ccccc2)cc1,train
C1C(O1)Cn1c(=O)n(c(=O)n(c1=O)CC1CO1)CC1CO1,train
c1cc(nc(c1)Cl)C(Cl)(Cl)Cl,train
COc1cc(C(C(=O)NC(C)(C)C)N(CCC(C)C)C(=O)/C=C/C(=O)c2ccc(F)cc2)cc(OC)c1OC,train
Cc1cccc(c2nnc(SCC(=O)c3ccc(O)cc3O)n2c2ccccc2)c1,train
CC(=O)OCC(COC(=O)C)OC(=O)C,train
C(CO)[N+](=O)[O-],train
CCCCOC(=O)NCCc1nc(c2ccc(CC(C)C)cc2)c[nH]1,train
Cc1[nH]c2ccccc2c1CC(N)c1ccccc1,train
O=C(CCCCCC(=O)N(Cc1ccccc1)C(Cc1ccccc1)C(=O)NC1CCCCC1)NO,train
CCCCC=O,train
CCCCCCCCCC(=O)O,train
C(/C=C/CBr)Br,train
COc1ccc(C(CO)C(O)CO)c2oc3c(O)c(O)cc(O)c3c(=O)c12,train
c1cc(c2c(c1[N+](=O)[O-])C(=O)c1c(ccc(c1C2=O)O)[N+](=O)[O-])O,train
COc1ccnc2[nH]cc(c3ccnc(N)n3)c12,train
COc1c2c(ccc1)sc(n2)N,train
CC(=O)Nc1ccc(c2cnc(N)nc2c2c[nH]c3ccc(Br)cc23)cc1,train
C[C@@H]1CC[C@H]2[C@@](C)(CO)O[C@@H]3O[C@@]4(C)CC[C@@H]1[C@@]23OO4,train
CCOC(=O)c1c(NC(=O)C2=C(C)N=C(S)NC2c2ccc(CC)cc2)sc(C)c1C,train
CN(CCCC(=O)Nc1ccc(Cl)cc1)Cc1ccccc1,train
COc1ccc(cc1)C=O,train
Nc1ncc(c2ccncc2)cc1/N=C/c1ccnc(NC(=O)C2CC2)c1,train
c1cc(ccc1N)Br,train
C[C@]12CC[C@H]3[C@@H](CC=C4C[C@@H](OC(=O)Cn5cc(CNc6cccc([N+](=O)[O-])c6)nn5)CC[C@]34C)[C@@H]1CCC2=O,train
Cc1[nH]c2ccc(c3ccccc3)cc2c1CCNCc1ccccc1,train
CC[C@H](CO)Nc1nc(NCc2cccc(c3ccccc3)c2)c2ncn(C(C)C)c2n1,train
CCCCCCN,train
COc1ccccc1CNCCCN1C(=O)c2ccc3c4c(ccc(c24)C1=O)C(=O)N(CCCNCc1ccccc1OC)C3=O,train
Nc1ncc(I)c(c2c[nH]c3cccc([N+](=O)[O-])c23)n1,train
CCCSC(=O)Cl,train
Nc1ncc(I)c(c2c[nH]c3cc(Br)ccc23)n1,train
CCOC(=O)C(C)C(=O)C,train
c1c(cc(cc1Cl)Cl)O,train
Nc1ncc(I)c(c2c[nH]c3c(N)cccc23)n1,train
C(=S)(N)NN,train
C1CC(=O)Oc2ccccc12,train
CCCCOC(=O)NCCc1nc(c2ccc(N3CCCC3)cc2)c[nH]1,train
c1cc(cc(c1)[N+](=O)[O-])C(F)(F)F,train
c1ccc(cc1)S(=O)(=O)Cl,train
CCCCOC(=O)c1ccccc1C(=O)OCCCC,train
c1c(oc(c1)C(=O)O)CO,train
C[C@@H]1CC[C@H]2[C@@H](C)[C@H](N3CCN(c4cccc(C(F)(F)F)c4)CC3)O[C@@H]3O[C@@]4(C)CC[C@@H]1[C@@]23OO4,train
CCCCc1ccc(C(=O)NCCCN(C)Cc2ccccc2)cc1,train
CC1=CCC2CC1C2(C)C,train
C1CCOC1,train
Cc1c(C)c2ccc(OCC3CCCN(Cc4cccc(Cl)c4)C3)cc2oc1=O,train
CC[C@@H](CO)Nc1nc(NCc2ccccc2)c2ncn(C(C)C)c2n1,train
COc1cc2c(Nc3ccc(C#N)cc3)ncnc2cc1OCCCN(CCO)CCO,valid
C[C@]12CC[C@H]3[C@@H](CC=C4C[C@@H](OC(=O)Cn5cc(CN6C(=O)C(=O)c7cc(F)ccc67)nn5)CC[C@]34C)[C@@H]1CCC2=O,valid
C[C@H]1CC[C@@H]2[C@H]([C@H]3[C@@H](N2C1)C[C@@H]1[C@@]3(CC[C@H]2[C@H]1CC=C1[C@@]2(CCC(C1)O[C@H]1[C@@H]([C@H]([C@H]([C@H](O1)CO)O)O[C@H]1[C@@H]([C@H]([C@@H]([C@H](O1)CO)O)O)O)O[C@@H]1[C@@H]([C@@H]([C@H]([C@@H](O1)C)O)O)O)C)C)C,valid
c1cc(c(cc1Cl)Cc1c(ccc(c1)Cl)O)O,valid
CC1CC(=O)O1,valid
C(CCC(=O)N)CC(=O)N,valid
COc1c2ccc(=O)oc2cc2c1cco2,valid
CC12CC3CC(C)(C1)CC(N)(C3)C2,valid
CC(=C)OC(=O)C,valid
Cc1cc(C)c(O)c(c2n[nH]c3c2C(c2ccccc2)N(CCCO)C3=O)c1,valid
COc1cc2c(Nc3ccc(C#N)cc3)ncnc2cc1OCCCN1CCN(CCO)CC1,valid
c1ccc2c(c1)ncs2,valid
COc1cc2ncnc(Nc3ccc(F)c(Cl)c3)c2cc1OCCCN1CCOCC1,valid
CCN(CC)c1ccc(cc1)N,valid
CC(C)(C)NC(=O)[C@@H]1C[C@@H]2CCCC[C@@H]2CN1C[C@H]([C@H](Cc1ccccc1)NC(=O)[C@H](CC(=O)N)NC(=O)c1nc2ccccc2cc1)O,valid
CC12CC(=O)C3C(C1CCC2(C(=O)CO)O)CCC1=CC(=O)C=CC31C,valid
c1ccc(cc1)SCCSc1ccccc1,valid
CCCCCCCCC,valid
C(C(CO)O)O,valid
c1ccc(c(c1)C(=O)O)N,valid
COC(=O)[C@@H]1c2c(oc3cc(CCO)cc(O)c3c2=O)C=C[C@H]1O,valid
C(CCl)OCOCCCl,valid
CC(C)CCOCC(=O)OCC=C,valid
Cc1cc(c(cc1C)N)C,valid
CCCCC#N,valid
CCCCCCCCC(=O)OCC=C,valid
COc1ccc2c(c1C/C=C(\C)/CO)C=C(CO)OC2,valid
C1CCCC1,valid
COc1cc(/C=C/n2cc(/C=C/c3cc(OC)c(OC)c(OC)c3)nn2)ccc1O,valid
COC(=O)[C@]1(Cc2ccc(O)c(CC(=O)C)c2)OC(=O)C(=C1c1ccc(OC)cc1)O,valid
CC/C=C/1\c2ccccc2C(=O)O1,valid
Cc1[nH]c2ccc(c3ccccc3)cc2c1CC(N)c1ccccc1,valid
CC(=O)Nc1ccc(cc1)C(=O)CCl,valid
C=CCCl,valid
Cc1ccc(c2cc(C(F)(F)F)nn2c2ccc(S(=O)(=O)N)cc2)cc1,valid
Cc1cc(c(cc1)[N+](=O)[O-])[N+](=O)[O-],valid
c1ccc2cc3cc(ccc3cc2c1)N,valid
Cc1ccc(C(N)Cc2c(C)[nH]c3ccc(Br)cc23)cc1,valid
COc1cc(cc(c1OC)OC)Cc1cnc(nc1N)N,valid
COc1ccc(/C=C/C(=O)/C=C/c2nc3c(C)c(C)ccc3n2C)cc1O,valid
COc1cc(/C=C/C(=O)/C=C/c2nc3cc(O)ccc3n2C)ccc1O,valid
CC(C)CCC[C@@H](C)[C@H]1CC[C@H]2[C@H]3[C@H](CC[C@]12C)[C@@]1(C)CC[C@H](O)CC1=C[C@@H]3O,valid
COc1ccc(c2nc3ccccc3c3nnc(SCc4ncc(C)c(OC)c4C)n23)cc1,valid
c1cc(c(c(c1Cl)O)Cl)Cl,valid
C/C=C/C=O,valid
c1ccnc(c1)Cl,valid
C(C(Br)Br)(Br)Br,valid
CN(CCCNC(=O)c1ccc(C(C)(C)C)cc1)Cc1ccccc1,valid
c1ccc(c(c1)Nc1nc(nc(n1)Cl)Cl)Cl,valid
c1ccc(COc2ccc(Nc3ncnc4cc5c(cc34)OCCOCCOCCOCCO5)cc2)cc1,valid
CCNc1ccccc1,valid
c1(nc(nc(n1)Cl)Cl)Cl,valid
c1cc2nc(n1)Nc1cc(cc(N3CCCC3)c1)Nc1ccnc(n1)Nc1cc(cc(N3CCCC3)c1)N2,valid
C(C(=O)O)(Cl)Cl,valid
CCCCCNCCCCC,valid
c1cc(cc(c1)O)N,valid
COc1cc2c(Nc3ccccc3C#N)ncnc2cc1OCCCN1CCN(C)CC1,valid
CCCCO,valid
[Cl-],valid
CC[N+](C)(CC)CCOc1cnc2-c3c(C(=O)c4c2c1ccc4)cccc3,valid
c1ccc(COc2ccccc2Nc2ncnc3cc4c(cc23)OCCOCCOCCOCCO4)cc1,valid
c1ccnc(c1)CCl,valid
Cc1cccc(c1)C(=O)O,valid
CCOc1cc2c(cc1)nc(s2)N,valid
CNC(=O)c1cc(Oc2ccc(NC(=O)Nc3ccc(Cl)c(C(F)(F)F)c3)cc2)ccn1,valid
FC(F)(F)c1cc2cc(c1)Nc1nccc(n1)Nc1cc(cc(C(F)(F)F)c1)Nc1nccc(n1)N2,valid
CC1=NN(C(=O)C1)c1ccccc1,valid
COc1cc2c(Nc3cccc(C#N)c3)ncnc2cc1OCCCN1CCCC1,valid
C[C@@H]1CC[C@H]2[C@@](C)(C(=O)OCCCCCCCCCCOC(=O)[C@@]3(C)O[C@@H]4O[C@@]5(C)CC[C@H]6[C@H](C)CC[C@@H]3[C@@]46OO5)O[C@@H]3O[C@@]4(C)CC[C@@H]1[C@@]23OO4,valid
Cc1cc(NC(=O)c2cccc(n3cc(NC(=O)Nc4ccccc4Cl)cn3)c2)ccn1,valid
c1cc(c(cc1C(Cl)(Cl)Cl)Cl)Cl,valid
COc1cc2c(Nc3ccccc3C#N)ncnc2cc1OCCCN1CCOCC1,valid
CCN1CCN(CCCOc2cc3ncnc(Nc4cccc(C#N)c4)c3cc2OC)CC1,valid
CC(C)C#N,valid
CCCC(CCCC(CCC(CCC(CCC(CCCC(CCC)Cl)Cl)Cl)Cl)Cl)Cl,valid
c1cc2n[nH]nc2cc1,valid
CC(=O)O[C@H]1C(=O)[C@]2(C)[C@@H](O)C[C@H]3OC[C@@]3(OC(=O)C)[C@H]2[C@H](OC(=O)c2ccccc2)[C@]2(O)C[C@H](OC(=O)[C@H](O)[C@@H](NC(=O)c3ccccc3)c3ccccc3)C(=C1C2(C)C)C,valid
CC(C)[C@H](CO)Nc1nc(NCc2ccc(c3cccnc3)cc2)c2ncn(C(C)C)c2n1,valid
CC(C)[C@H](N)C(=O)OC[C@H](O)CNc1nc(NCc2ccc(c3ccccn3)cc2)c2ncn(C(C)C)c2n1,valid
CCCCN(CCCC)CCO,valid
C1C(O1)COCCCCOCC1CO1,valid
c1ccc(cc1)Nc1cccc2ccccc12,valid
COC(=O)[C@]1(Cc2ccc(OC)c(CC=C(C)C)c2)OC(=O)C(=C1c1ccccc1)O,valid
CCCCC(=O)Cl,valid
O=C1Nc2cc(Br)ccc2/C/1=C\1/Nc2ccccc2/C1=N\OCCN1CCN(CCOCCO)CC1,valid
Cc1c(cc(cc1)N)[N+](=O)[O-],valid
O=C(CCCCCC(=O)N(CCc1ccccc1)C(Cc1ccccc1)C(=O)NCc1ccccc1)NO,valid
C(CC(=O)O)C(=O)C(=O)O,valid
CC(Cn1ncc2c(Nc3cc(O)ccc3Cl)ncnc12)c1ccccc1,valid
COc1cc(N2CCN(C)CC2)ccc1Nc1nc(N)n(C(=O)NCc2ccccc2S(=O)(=O)C(C)C)n1,valid
CC(C)(C)c1cc(c(cc1)O)O,valid
COc1c(c2c[n+]3c(-c4cc5c(cc4CC3)OCO5)cc2cc1)OC,valid
Clc1ccc2c(NCCCNCCCOc3cccc4[nH]c5ccccc5c34)c3c(nc2c1)CCCC3,valid
CCCN(CCC)C(=O)SCC,valid
CC(C)n1cnc2c(Nc3ccc(Br)cc3)nc(c3ccncc3)nc12,valid
Cc1c(c2c(cc1)C(=O)c1ccccc1C2=O)[N+](=O)[O-],valid
c1ccc(cc1)C1(C(=O)NC(=O)N1)c1ccccc1,valid
COc1ccc(/C=C\c2cc(OC)c(OC)c(OC)c2)cc1OC(=O)CCCc1ccc(N(CCCl)CCCl)cc1,valid
c1cc(ccc1O)O,valid
COc1ccc2c3c1O[C@H]1C[C@@H](O)C=C[C@@]31CCN(CCOCCOCCNC13CC4CC(C)(CC(C)(C4)C1)C3)C2,valid
c1cc2c(cc1S(=O)(=O)O)c(c(cc2[N+](=O)[O-])[N+](=O)[O-])O,valid
CC[C@H](C)[C@H]1C(=O)N[C@H](Cc2cc(Cl)c(O)c(Cl)c2)C(=O)N[C@@H](C(C)(C)O)C(=O)O[C@H](c2ccccc2)[C@H](C)/C=C/C=C(\C)/[C@H](OC)C[C@@H]2O[C@@]2(C)C(=O)N1C,valid
COc1cccc(/C=C/c2cn(/C=C/c3ccc(O)c(OC)c3)nn2)c1,valid
COc1cc([C@@H]2c3cc4c(cc3[C@@H](Nc3nnc(c5ccc([N+](=O)[O-])cc5)o3)[C@H]3COC(=O)[C@H]23)OCO4)cc(OC)c1OC,valid
O=C1NC(=O)/C(=C/c2cn(c3ccccc3)nc2c2ccc(Cl)cc2)/S1,valid
CCOP(=O)(OCC)OCC,valid
c1cc(ccc1O)Cl,valid
c1ccc(cc1)C(C(=O)c1ccccc1)O,valid
c1ccc(c(c1)[N+](=O)[O-])Cl,valid
CC1CCC(C2=C(CCC12)C)C=C(C)C(=O)O,valid
C1CC(CCC1CC1CCC(CC1)N)N,valid
CC(C)NCC(COc1cccc2ccccc12)O,valid
CCOC(=O)OCC,valid
C(C(=O)O)Br,valid
COc1ccc2c3c1O[C@H]1C[C@@H](O)C=C[C@@]31CCN(CCCCCCCNC13CC4CC(C)(CC(C)(C4)C1)C3)C2,valid
Cc1c(ccc(c1)Cl)O,valid
CN1CCN(CCCNC(=O)c2ccc(Cl)cc2)CC1,valid
O=C(N/N=C/N1CCN(c2cc3c(cc2F)c(=O)c(C(=O)O)cn3C2CC2)CC1)c1ccc(C(F)(F)F)cc1,valid
Nc1nccc(c2c[nH]c3cccc(O)c23)n1,valid
CC[C@H](CO)Nc1nc(NCc2cccc(c3cccnc3)c2)c2ncn(C(C)C)c2n1,valid
CCOP(=S)(OCC)Oc1nc(nc(c1)C)C(C)C,valid
CCCCOC(=O)[C@]12CC[C@@H](C)[C@H](C)[C@H]1C1=CC[C@@H]3[C@@]4(C)CC[C@H](OC(=O)C)C(C)(C)[C@@H]4CC[C@@]3(C)[C@]1(C)CC2,valid
CC(=O)N[C@H]1CCc2cc(c(c(c2-c2ccc(c(=O)cc12)OC)OC)OC)OC,valid
Cc1c(cc(cc1)S(=O)(=O)[O-])C,valid
COC(=O)CCCC(=O)OC,valid
CCOC(=O)C1CCCN(C(=O)c2cc(c3ccc(Cl)cc3)nc3ccccc23)C1,valid
CC1(C2CCC1(C(=O)C2)C)C,valid
Cc1cc2c(c(=O)o1)C=C1CCCCC1(C)O2,valid
C1=CC(=O)C=CC1=O,valid
C=CC(=O)OCCOCCOCCOCCOC(=O)C=C,valid
C/C=C(/NC(=O)[C@H](CCO)NC(=O)C[C@H](N)CCCCC)\C(=O)N1C[C@H](O)C[C@H]1C(=O)N[C@@H](CCO)C(=O)N[C@H](Cc1ccccc1)C(=O)N[C@H](CC(C)C)C(=O)N[C@H](C(=O)N[C@@H](C(=O)O)[C@@H](C)CC)[C@@H](C)CC,valid
O=C(O)c1sc(c2ccnc(NC(=O)C3CC3)c2)nc1OCCNc1c2c(nc3ccccc13)CCCC2,valid
C1CNP(=O)(OC1)N(CCCl)CCCl,valid
c1ccncc1,valid
C=CCNC(=S)N,valid
c1cc(ccc1[N+](=O)[O-])Cl,valid
C[C@@H]1[C@H]2C3=CC[C@@H]4[C@@]5(C)CC[C@H](O)C(C)(C)[C@@H]5CC[C@@]4(C)[C@]3(C)CC[C@@]2(C(=O)OCCCO[N+](=O)[O-])CC[C@H]1C,valid
CCC[N+](=O)[O-],valid
c12c(c(c(c(c1Cl)Cl)Cl)Cl)C(=O)OC2=O,valid
CC(=O)Nc1ccccc1,valid
C[C@]12CC[C@H]3[C@@H](CC=C4C[C@@H](OC(=O)Cn5cc(CN6C(=O)C(=O)c7c(Cl)cccc67)nn5)CC[C@]34C)[C@@H]1CCC2=O,valid
NNC(=O)c1ccncc1,valid
C[C@@H]1CC[C@H]2[C@@H](C)[C@H](N3CCN(C(=O)Nc4ccc(C(F)(F)F)cc4)CC3)O[C@@H]3O[C@@]4(C)CC[C@@H]1[C@@]23OO4,valid
c1ccc(cc1)c1ccccc1N,valid
O=C1S/C(=C\c2cn(c3ccccc3)nc2c2ccc(Cl)cc2)/C(=O)N1Cc1ccc(Cl)cc1,valid
Nc1ncc(I)c(c2c[nH]c3cc([N+](=O)[O-])ccc23)n1,valid
Cc1cnc2nc1Nc1cc(cc(C(F)(F)F)c1)Nc1ncc(C)c(n1)Nc1cc(cc(C(F)(F)F)c1)N2,valid
C1Oc2c(O1)cc(cc2)C=O,valid
C/C=C/1\C(=O)C[C@@H]2[C@@]1(CC[C@H]1[C@H]2CCC2=CC(=O)CC[C@]12C)C,valid
Cc1ccc(cc1)CO,valid
[cH-]1cccc1,valid
COC(=O)c1ccccc1C(=O)OC,valid
c1cc(c(cc1C=O)Cl)Cl,valid
CCC(c1nnc(SCC(=O)c2[nH]c(C)c(C(=O)C)c2C)n1Cc1ccccc1)N(C)C,valid
Cc1cc(c(cc1Sc1cc(c(cc1C)O)C(C)(C)C)C(C)(C)C)O,valid
COc1cc(c2c(OC)cc(c3ccccc3)c(OC)c2O)ccc1OC/C=C(\C)/CO,valid
c1cc(=O)[nH][nH]c1=O,valid
O=C(NCCc1nc(c2ccc(c3ccccc3)cc2)c[nH]1)OC1CCCC1,valid
C=C1C(=O)[C@@]23[C@@H](C(=O)[C@H](O)[C@@H]1[C@H]2O)[C@]1(C)CCC[C@](C)(CO)[C@H]1C[C@H]3O,valid
C/C=C/1\CC2CC1C=C2,valid
Cc1ccc(cc1)Br,valid
O=C1Nc2cc(Br)ccc2/C/1=C\1/Nc2ccccc2/C1=N\OCCN1CCOCC1,valid
CC1CCCO1,valid
Cc1ccc(Sc2cnc(Nc3cccc(Br)n3)s2)cc1C(=O)N(C)CCC#N,valid
COc1cc(c2ccc(O)c(O)c2)c(OC)c(O)c1c1ccc(OCC=C(C)C)c(O)c1,valid
Cc1ccccc1C=O,valid
CCN(CC)CCOc1ccc(NC(=O)Nc2cc(OC)c(OC)c(c3ccc(/C(=N/O)/C)c(OC)c3)c2)cc1,valid
Nc1ncc(I)c(c2c[nH]c3ccc([N+](=O)[O-])cc23)n1,valid
c1ccc(cc1)COCc1ccccc1,valid
CN(CCCNCc1ccc(Cl)cc1)Cc1ccccc1,valid
COC(=O)[C@]1(Cc2ccc(O)c(CC=C(C)C)c2)OC(=O)C(=C1c1ccc(OC)cc1)O,valid
COc1ccc(c2ccoc2c2cc(OC)c(OC)c(OC)c2)cc1O,valid
Cc1c(c(ccc1)[N+](=O)[O-])C,valid
OC[C@H]1O[C@@](CO)(OC2O[C@H](COC3O[C@H](CO)[C@H](O)[C@H](O)[C@H]3O)[C@@H](O)[C@H](O)[C@H]2O)[C@@H](O)[C@@H]1O,valid
CCCCCCCCCCCCCl,valid
COc1ccc(/C=C\c2cc(OC)c(OC)c(OC)c2)cc1N(CCCl)CCCl,valid
COc1ccc(c2nonc2c2cc(OC)c(OC)c(OC)c2)cc1O,valid
c1cc2cc(c1)Nc1nccc(n1)Nc1cccc(c1)Nc1nccc(n1)N2,valid
c1cc(ccc1C(CN)O)O,valid
CCBr,valid
c1ccc(cc1)c1ccc(cc1)N,valid
c1ccc(COc2ccc(Nc3ncnc4cc5c(cc34)OCCOCCO5)cc2)cc1,valid
C[C@]12CC[C@H]3[C@@H](CC=C4C[C@@H](OC(=O)Cn5cc(CN6C(=O)C(=O)c7cccc(Cl)c67)nn5)CC[C@]34C)[C@@H]1CCC2=O,valid
C=C1C(=O)[C@@]23[C@@H](C(=O)C[C@@H]1[C@H]2O)[C@]1(C)CCC[C@](C)(CO)[C@H]1C[C@H]3O,valid
Nc1ncc(I)c(c2c[nH]c3ccccc23)n1,valid
COc1cccc2c1C(=O)c1c(O)c3c(c(O)c1C2=O)C[C@@](O)(C(=O)CO)C[C@@H]3O[C@H]1C[C@H](N)[C@H](O)[C@H](C)O1,valid
C(CO)NCCO,valid
c1ccc(cc1)NC(=O)Nc1ccccc1,valid
C[C@@H](Oc1cc(c2cnn(C3CCNCC3)c2)cnc1N)c1c(Cl)ccc(F)c1Cl,valid
CCOC(C)(C)C,valid
C(C(C(C(C(CBr)O)O)O)O)Br,valid
O=C(N/N=C/c1ccc(Cl)cc1)c1ccc(CN2CCCC(O)C2)cc1,valid
C=CC(=O)OCC(CO)(COC(=O)C=C)COC(=O)C=C,valid
C[C@@H]1CC[C@H]2[C@@H](C)[C@H](N3CCN(C(=O)Nc4ccc(OC(F)(F)F)cc4)CC3)O[C@@H]3O[C@@]4(C)CC[C@@H]1[C@@]23OO4,valid
CC(=O)Nc1ccc(cc1)C(=O)O,valid
C[C@H]1[C@H]([C@H](C[C@@H](O1)O[C@H]1C[C@@](Cc2c1c(c1c(c2O)C(=O)c2c(C1=O)c(ccc2)OC)O)(C(=O)C)O)N)O,valid
CC(CCC=C(C)C)CCO,valid
COC(=O)c1sc(c2ccnc(NC(=O)C3CC3)c2)nc1OCCNc1c2c(nc3ccccc13)CCCC2,valid
COc1ccc(c2cc(=O)c3c(O)c(OC)c(OC)c(OC)c3o2)cc1OC,valid
CC(C)OC(=O)/C=C(\C)/C=C/CC(C)CCCC(C)(C)OC,valid
COCCOc1ccnc2[nH]cc(c3ccnc(N)n3)c12,valid
C=C1C(=O)[C@@]23C(CC[C@@H]1[C@H]2O)[C@]1(C)CC[C@H](O)C(C)(C)[C@H]1C[C@H]3O,valid
CC(C)(c1ccccc1)c1ccc(cc1)O,test
CC[N+](C)(CC)CCC(=O)Nc1ccc2-c3nccc4cccc(C(=O)c2c1)c34,test
CC12CCC(=O)C=C1CCC1C2(C(CC2(C1CCC2(C)O)C)O)F,test
C[C@]12CC[C@H]3[C@@H](CC=C4C[C@@H](OC(=O)Cn5cc(Cn6cc(F)c(=O)n(Cc7cn(CC(=O)O[C@H]8CC[C@@]9(C)C(=CC[C@H]%10[C@@H]%11CCC(=O)[C@@]%11(C)CC[C@H]9%10)C8)nn7)c6=O)nn5)CC[C@]34C)[C@@H]1CCC2=O,test
CC(C)n1cnc2c(Nc3ccc(Br)cc3)nc(c3cccnc3)nc12,test
COc1ccc(c2cocc2c2cc(OC)c(OC)c(OC)c2)cc1,test
CCC(C)O,test
COc1cc2c(cc1OC)C(=O)C(C(=O)C1CCN(Cc3ccccc3)CC1)C2,test
O=C(NCCN1CCCC1)c1ccc(Cl)cc1,test
Cc1cccc(c1)C#N,test
CC(=O)OCc1ccco1,test
COc1ccc2nc3c(c(NCCNC(=O)c4sc(c5ccnc(NC(=O)C6CC6)c5)nc4OC)c2c1)CCCC3,test
Cn1c(O)c(C2=Nc3ccccc3/C/2=N\OCCN2CCCC2)c2cccc(Br)c12,test
c1cc(c(cc1[N+](=O)[O-])Cl)Cl,test
CN(Cc1ccnc(NC(=O)Nc2cccc3c2C2CCCCN2C3=O)c1)Cc1cn(CCNc2c3c(nc4ccccc24)CCCC3)nn1,test
C[C@@H]1CC[C@H]2[C@@H](C)[C@H](N3CCN(Cc4ccc(F)cc4)CC3)O[C@@H]3O[C@@]4(C)CC[C@@H]1[C@@]23OO4,test
O=C1c2ccccc2-c2nccc3c(OCCN4CCCCC4)ccc1c23,test
CN(C)C(=O)Nc1cccc(c1)C(F)(F)F,test
CC(=O)O[C@@H]1C[C@H]2[C@@H]3CC[C@H]([C@H](C)CCCC(C)C)[C@@]3(C)CC[C@@H]2[C@@]2(C)CC[C@H](O)C[C@]12O,test
c1cc(ccc1N)Oc1ccc(cc1)N,test
CC(C)Oc1ccc2-c3c(CCc2c1)c1c(c2c3C(=O)NC2)c2ccccc2n1CCO,test
c1cc(cc(c1)N)N,test
CCOC(=O)c1ccccc1N,test
O=C(CCCCCCC(=O)N(Cc1ccccc1)C(Cc1ccc(c2ccccc2)cc1)C(=O)NCCc1ccccc1)NO,test
CCCCCCCCN,test
CCCCOC(=O)c1ccc(cc1)N,test
c1ccc(cc1)Cl,test
CC(=O)NCCc1c[nH]c2c1cc(cc2)OC,test
Cc1cc(c(cc1)O)N,test
C[C@]12CC[C@H]3[C@H]([C@@H]1CC[C@]2(C#C)O)CCc1c3ccc(c1)O,test
C1CCC(CC1)O,test
CCCOCC(C)OCC(C)O,test
CCOc1cc(c(cc1C(=O)C)OCC)OCC,test
Cc1ccc(Sc2cnc(Nc3cccc(Br)n3)s2)cc1C(=O)N(C)CC#N,test
COc1ccc(/C=C\c2cc(OC)c(OC)c(OC)c2)cc1OCCN(CCCl)CCCl,test
CC12CC1(C(=O)N(C2=O)c1cc(cc(c1)Cl)Cl)C,test
CCCN1C(=O)S/C(=C\c2cn(c3ccccc3)nc2c2ccc(Cl)cc2)/C1=O,test
COCCOC(=O)c1ccccc1C(=O)OCCOC,test
CN(CCCNC(=O)c1ccc(Cl)cc1)Cc1ccccc1,test
c1cc2c(cc1[N+](=O)[O-])[nH]cn2,test
O=C(CCCCCC(=O)N(CCc1ccccc1)C(Cc1ccccc1)C(=O)NCCc1ccccc1)NO,test
CC1=Cc2c(cc(C)oc2=O)OC1C,test
CCCCOC(=O)NCCc1nc(c2ccc(Br)cc2)c[nH]1,test
CCOC(=O)CC(C(=O)OCC)SP(=S)(OC)OC,test
c1ccc2c(c1)cccn2,test
c1c(c(cc(c1Cl)[N+](=O)[O-])O)N,test
Cc1c(onc1C)NS(=O)(=O)c1ccc(cc1)N,test
COP(=S)(OC)SCn1c(=O)c2ccccc2nn1,test
c1ccc(cc1)P(c1ccccc1)c1ccccc1,test
CC(C)CCC[C@@H](C)[C@H]1CC[C@H]2[C@@H]3C[C@@H](NCCc4cnc[nH]4)[C@@]4(O)C[C@@H](O)CC[C@]4(C)[C@H]3CC[C@]12C,test
CCC(C)(C)c1ccc(cc1)O,test
COc1ccc(NCc2cn(CC(=O)O[C@H]3CC[C@@]4(C)C(=CC[C@H]5[C@@H]6CCC(=O)[C@@]6(C)CC[C@H]45)C3)nn2)cc1,test
Cc1c(c(ccc1)[N+](=O)[O-])[N+](=O)[O-],test
c1cc(c(cc1C(F)(F)F)[N+](=O)[O-])Cl,test
C=C1C(=O)[C@@]23[C@@H](CC[C@@H]1[C@H]2OC(=O)C)[C@]1(C)CCC(=O)C(C)(C)[C@H]1C[C@H]3O,test
CC(C)Cc1nccs1,test
c1cc(ccc1C(F)(F)F)Cl,test
CC/C(=C(\c1ccccc1)/c1ccc(cc1)OCCN(C)C)/c1ccc(cc1)O,test
Cc1cc(ccc1)NC(=O)Oc1cccc(c1)NC(=O)OC,test
CC(C)N(C)C,test
Nc1nccc(c2c[nH]c3ncc(c4ccc(OC(F)(F)F)cc4)cc23)n1,test
CCCCCc1cc(cc(c1)O)O,test
O=C1S/C(=C\c2cn(c3ccccc3)nc2c2ccccc2)/C(=O)N1Cc1ccc(Cl)cc1,test
COc1ccc(/C=C/C(=O)/C=C/c2nc3ccccc3n2C)cc1O,test
Fc1cnc2nc1Nc1cccc(c1)Nc1ncc(F)c(n1)Nc1cccc(c1)N2,test
CCCCCCc1ccc(cc1)c1ccc(cc1)C#N,test
C(CNCCNCCN)N,test
CCNc1nc(nc(n1)Cl)NC(C)C,test
CC12CCC(=O)C=C1CCC1C2CCC2(C1CCC2=O)C,test
CCCCCCCCO,test
C=C1C(=O)[C@@]23[C@@H](C[C@H](O)[C@@H]1[C@H]2O)[C@]1(C)CC[C@@H](O)C(C)(C)[C@H]1C[C@H]3O,test
CC(=O)Oc1ccccc1C(=O)Nc1ncc(s1)[N+](=O)[O-],test
C[Hg]Cl,test
c1ccc(cc1)c1cc(=O)c2ccccc2o1,test
C(=O)(C(Cl)(Cl)Br)O,test
Cc1ccc(cc1)OP(=O)(Oc1ccc(cc1)C)Oc1ccc(cc1)C,test
Nc1ncc(I)c(c2c[nH]c3cccc(N)c23)n1,test
CCCCOC(=O)NCCc1nc(c2ccc(CC)cc2)c[nH]1,test
CC1CC2(C3C(O3)(CO2)C)OC2C1C1(CCC34CC53CCC(C(C5CCC4C1(C2)C)(C)C)OC1C(C(C(CO1)O)O)O)C,test
COc1cc(CNCCc2c(C)[nH]c3ccc(c4ccccc4)cc23)cc2c1OCO2,test
CCn1cc(c(=O)c2c1nc(cc2)C)C(=O)O,test
CCN(CC)N=O,test
Nc1ncc(I)c(c2c[nH]c3cccc(Br)c23)n1,test
C=C(C)[C@@H]1CCC(=C[C@H]1c1c(O)cc(CCCCC)cc1O)C,test
c1ccc(cc1)CCI,test
Oc1cccc2[nH]c3ccccc3c12,test
C(CCC#N)CC#N,test
C1c2cc(c(cc2[C@@H]2[C@]1(COc1c2ccc(c1O)O)O)O)O,test
CCCCC(CC)COC(=O)C=C,test
CCCCC(CC)CN,test
CSc1nc(Nc2cccc(Cl)c2)c2cnn(CC(C)c3ccccc3)c2n1,test
CC(=O)/C=C/c1ccccc1,test
c1ccc(cc1)CCN=C(N)N=C(N)N,test
C1C(O1)c1ccccc1,test
Cc1c(cc(cc1)N=C=O)N=C=O,test
COC(=O)C(Cc1ccc(O)cc1)NC(=O)[C@]12CC[C@@H](C)[C@H](C)[C@H]1C1=CC[C@@H]3[C@@]4(C)CC[C@H](OC(=O)C)C(C)(C)[C@@H]4CC[C@@]3(C)[C@]1(C)CC2,test
c1ccc(cc1)CBr,test
O=C(N/N=C/Nc1ccc(C(=O)O)c(O)c1)c1cccc(F)c1,test
Cc1c2ccc3ccccc3c2c(c2ccccc12)C,test
COc1ccc2c(c1)C/C(=C/c1ccccc1c1ccc3nc(N)ccc3c1)/C2=O,test
CCCC=C,test
CC(=O)c1ccc(c2cnc(N)nc2c2c[nH]c3ccc(Br)cc23)cc1,test
c1ccc(cc1)c1ccc(cc1)Br,test
Nc1nccc(c2c[nH]c3c([N+](=O)[O-])cccc23)n1,test
COc1ccccc1OCCNCC1COC(c2ccccc2)(c2ccccc2)OC1,test
O=C(CCCCCCn1cc(c2cccnc2)nn1)Nc1ccccc1Cl,test
Cc1cc([C@@H]2C[C@@H]3CC[C@H]2C3)n(O)c(=O)c1,test
Cc1c(cc(cc1)[N+](=O)[O-])[N+](=O)[O-],test
CCCCCC(CCCCC)c1nc(c2ccc(c3ccccc3)cc2)c[nH]1,test
C(CS(=O)(=O)O)N,test
CCOc1cc(/C=C/2\CN(C(=O)CCC(=O)NCCCNCCCN)C/C(=C\c3ccc(O)c(OCC)c3)/C2=O)ccc1O,test
c1ccc(c(c1)[N+](=O)[O-])O,test
C(C(CBr)Br)O,test
C[C@]12CC[C@H]3[C@@H](CC=C4C[C@@H](OC(=O)Cn5cc(COc6ccc(C(=O)/C=C/c7ccc([N+](=O)[O-])cc7)cc6)nn5)CC[C@]34C)[C@@H]1CCC2=O,test
COc1cc2oc3c(OC)c(c4cc(CC=C(C)C)c(O)c(OC)c4)cc(OC)c3c2cc1O,test
Cc1c(cccc1[N+](=O)[O-])[N+](=O)[O-],test
COc1cccc(C(=O)NCCCN(C)Cc2ccccc2)c1,test
Cc1cc(cc(c1)[N+](=O)[O-])C,test
CCCCCCOC(=O)C(=C)C,test
Cc1cc(c(cc1)[N+](=O)[O-])C,test
CCCCC(CC)COC(=O)CCCCC(=O)OCC(CC)CCCC,test
Fc1cnc2nc1Nc1cc(cc(C(F)(F)F)c1)Nc1ncc(Cl)c(n1)Nc1cc(cc(C(F)(F)F)c1)N2,test
Nc1nccc(c2c[nH]c3nccc(O)c23)n1,test
CN(CCCNC(=O)c1cccc(Cl)c1)Cc1ccccc1,test
C[C@@H]1CC[C@H]2[C@@H](C)[C@H](N3CCN(c4ccc(F)cc4)CC3)O[C@@H]3O[C@@]4(C)CC[C@@H]1[C@@]23OO4,test
c1c(oc(c1)C(=O)NCC(=O)O)CO,test
CCCCC(=O)N(C)C,test
CC(C)(c1cc(c(c(c1)Br)OCC(CBr)Br)Br)c1cc(c(c(c1)Br)OCC(CBr)Br)Br,test
c1cc(c(cc1Cl)Cl)[N+](=O)[O-],test
Cc1c(CCN)c2cc(F)ccc2n1Cc1ccccc1,test
Cc1ccccc1[N+](=O)[O-],test
C=C1C(=O)[C@@]23[C@@H](C[C@H](OC(=O)C)[C@@H]1[C@H]2O)[C@]1(C)CC[C@@H](O)C(C)(C)[C@H]1C[C@H]3O,test
CC1(CC(CC(C1)(C)CN=C=O)N=C=O)C,test
Cc1ncc[nH]1,test
c1ccc(cc1)COC(=O)Cl,test
CC1=C(C(CCC1)(C)C)/C=C/C(=C/C=C/C(=C\C=O)/C)/C,test
C(CCC(=O)O)CC(=O)O,test
CN(C)N=O,test
COc1cc2c(Nc3ccc(C#N)cc3)ncnc2cc1OCCCN1CCC(O)CC1,test
c1ccc(cc1)OCCO,test
O=C(N/N=C/N1CCN(c2cc3c(cc2F)c(=O)c(C(=O)O)cn3C2CC2)CC1)c1cccc(C(F)(F)F)c1,test
C/C=C(/NC(=O)[C@H](CCO)NC(=O)C[C@H](N)CCCCC)\C(=O)N1C[C@H](O)C[C@H]1C(=O)N[C@@H](CCO)C(=O)N[C@H](Cc1ccccc1)C(=O)N[C@H](CC(C)C)C(=O)N[C@H](C(=O)N[C@@H](C(=O)N[C@@H](CC(C)C)C(=O)O)[C@@H](C)CC)[C@@H](C)CC,test
c1ccc(c(c1)C(=O)N)O,test
C=C1[C@@H]2[C@@H](O)C[C@H]3[C@]4(C)CC[C@H](O)C(C)(C)[C@H]4CC[C@@]3([C@@H]1O)[C@@H]2OC(=O)C,test
C/C=C\c1ccc(cc1)OC,test
CC(C)[C@H](CO)Nc1nc(Nc2ccc(c3ccncc3)cc2)c2ncn(C(C)C)c2n1,test
c1cc(c(cc1O)Cl)Cl,test
CCOC(=O)c1c(NC(=O)C2CC(=O)Nc3ccccc23)sc(C)c1C,test
c1cc(c(cc1N)C(=O)O)O,test
Cc1cc(no1)NS(=O)(=O)c1ccc(cc1)N,test
c1cc(c(cc1Cl)Cl)N,test
CCN(CC)CCO/N=C\1/C(=Nc2ccccc12)c1c(O)n(C)c2c(Br)cccc12,test
COc1ccc(/C=C/c2cn(/C=C/c3ccc(O)c(OC)c3)nn2)cc1,test
Cc1c(C)c2ccc(OCC3CCCN(C)C3)cc2oc1=O,test
CC(=O)c1ccc(c2cnc(N)nc2c2c[nH]c3cccc(Br)c23)cc1,test
O=C(CCCCCCn1cc(c2cccnc2)nn1)Nc1ccccc1c1ccccc1,test
CC(=O)O[C@@H]1[C@H]2[C@@H]3CC[C@H]([C@H](C)CCCC(C)C)[C@@]3(C)CC[C@@H]2[C@@]2(C)CC[C@H](O)C[C@]2(O)[C@@H]1OC(=O)C,test
CCOC(=O)C(=C)C#N,test
O=C(N/N=C/Nc1ccc(C(=O)O)c(O)c1)c1cccc(C(F)(F)F)c1,test
CC(=C)C=C,test
C(C(=O)O)N(CC(=O)O)CC(=O)O,test
C[C@@H]1CC[C@H]2[C@@](C)(C(=O)OCCCCCCCCCOC(=O)[C@@]3(C)O[C@@H]4O[C@@]5(C)CC[C@H]6[C@H](C)CC[C@@H]3[C@@]46OO5)O[C@@H]3O[C@@]4(C)CC[C@@H]1[C@@]23OO4,test
CCCN1C(=O)S/C(=C\c2cn(c3ccccc3)nc2c2ccccc2)/C1=O,test
CC[C@H](CO)Nc1nc(Nc2cccc(c3ccccc3)c2)c2ncn(C(C)C)c2n1,test
c1coc(c1)CNc1cc(c(cc1C(=O)O)S(=O)(=O)N)Cl,test
CSc1nc(Nc2cccc(Cl)c2)c2cnn(CCc3ccccc3)c2n1,test
COc1cccc(/C=C/n2cc(/C=C/c3ccc(O)cc3)nn2)c1,test
C[C@@H]1CC[C@H]2[C@@](C)(/C=C\COP(=O)(OC/C=C/[C@@]3(C)O[C@@H]4O[C@@]5(C)CC[C@H]6[C@H](C)CC[C@@H]3[C@@]46OO5)Oc3ccccc3)O[C@@H]3O[C@@]4(C)CC[C@@H]1[C@@]23OO4,test
CC(C)n1cnc2c(Nc3ccc(c4ccccc4)cc3)nc(NC(C)(C)CO)nc12,test
C[C@@H](Oc1cc(c2cc[nH]c(=O)c2)cnc1N)c1c(Cl)ccc(F)c1Cl,test
CCCCOC(=O)c1ccccc1N,test
c1ccc(cc1)N=[N+](c1ccccc1)[O-],test
CCCCN1C(=O)c2[nH]nc(c3ccccc3O)c2C1c1ccc(OCC)cc1,test
CC(C)(CCC(C)(C)O)O,test
c1cc(ccc1C=Cc1cc(cc(c1)O)O)O,test
CSc1nc(Nc2ccccc2)c2cnn(CC(C)c3ccccc3)c2n1,test
CCN(CCCCCCNC1=CC(=O)C(=CC1=O)NCCCCCCN(CC)Cc1ccccc1OC)Cc1ccccc1OC,test
c1ccc(cc1)CSCc1ccccc1,test
c1ccccc1,test
C[C@@H]1CC[C@@]2([C@H]([C@H]3[C@@H](O2)[C@H]([C@@H]2[C@@]3(CC[C@H]3[C@H]2CC[C@@H]2[C@@]3(C[C@H]([C@@H](C2)O[C@H]2[C@@H]([C@H]([C@H]([C@H](O2)CO)O[C@H]2[C@@H]([C@H]([C@@H]([C@H](O2)CO)O)O[C@H]2[C@@H]([C@H]([C@@H](CO2)O)O)O)O[C@H]2[C@@H]([C@H]([C@@H]([C@H](O2)CO)O)O[C@H]2[C@@H]([C@H]([C@@H]([C@H](O2)CO)O)O)O)O)O)O)O)C)C)O)C)OC1,test
CCOP(=S)(OCC)SCCSCC,test
CO[Si](CCCNCCC[Si](OC)(OC)OC)(OC)OC,test
CNC(=O)c1ccccc1,test
c1c(c(cc(c1Br)Br)Br)Oc1cc(c(cc1Br)Br)Br,test
CCc1c(c(nc(n1)N)N)c1ccc(cc1)Cl,test
c1cc(c(cc1C(=O)O)Cl)Cl,test
COc1ccc(cc1)N,test
COc1cnc2nc1Nc1cc(cc(N3CCCC3)c1)Nc1ncc(OC)c(n1)Nc1cc(cc(N3CCCC3)c1)N2,test
c1ccc2c(c1)[nH]c(n2)NC(=O)N,test
CCOP(=O)(OC/C=C\[C@@]1(C)O[C@@H]2O[C@@]3(C)CC[C@H]4[C@H](C)CC[C@@H]1[C@@]24OO3)OC/C=C/[C@@]1(C)O[C@@H]2O[C@@]3(C)CC[C@H]4[C@H](C)CC[C@@H]1[C@@]24OO3,test
CCN(CC)CCOc1ccc(C)c(NC(=O)Nc2cc(OC)c(OC)c(c3ccc(/C(=N/O)/C)c(OC)c3)c2)c1,test
C[N+](C)(C)CCOc1cnc2-c3c(C(=O)c4c2c1ccc4)cccc3,test
COc1cc(/C=C/c2cn(/C=C/c3ccccc3)nn2)ccc1O,test
CC(=O)c1ccccc1[N+](=O)[O-],test
COc1ccnc2c1c(c1ccnc(N)n1)c1ccnc(N)n21,test
CCCOC(=O)[C@]12CC[C@@H](C)[C@H](C)[C@H]1C1=CC[C@@H]3[C@@]4(C)CC[C@H](O)C(C)(C)[C@@H]4CC[C@@]3(C)[C@]1(C)CC2,test
CN1C(=O)[C@]23O[C@]4(O)[C@@H](O)C(=O)N5C(C)(C)[C@H](Cc6cccc1c26)[C@H]3[C@]45O,test
C[C@]12CC[C@H]3[C@@H](CC=C4C[C@@H](OC(=O)Cn5cc(CN6C(=O)C(=O)c7c(Cl)ccc(Cl)c67)nn5)CC[C@]34C)[C@@H]1CCC2=O,test
C(CNCCNCCNCCN)N,test
CC(C)Oc1ccnc2[nH]cc(c3ccnc(N)n3)c12,test
c1cc(c(cc1Cl)C(=O)O)Cl,test
CCOP(=S)(OCC)Oc1ccc(cc1)[N+](=O)[O-],test
COC(=O)C(Cc1ccccc1)NC(=O)C(CC(=O)O)N,test
